ID,Brand,Factor 1,Factor 2,Factor 3,S4_Kategori umur anda.,A5_Yang manakah yang paling sesuai menggambarkan tentang diri Anda?,A142Water_Apakah Anda akan mempertimbangkan untuk meminum air mineral jika tidak ada susu cair siap minum dalam kemasan yang tersedia?,A17Nasional_Apakah Anda mengetahui merek susu Nasional?,"A43_Dalam 4 minggu terakhir, seberapa sering Anda membeli satu merek susu yang Anda sangat sukai?",A50.2_Apakah ukuran susu cair siap minum yang Anda konsumsi pada kesempatan kedua terakhir?,"A62WhenIseeanewproductontheshelfIamreluctanttogiveitatry_Ketika saya melihat produk baru di rak, saya enggan untuk mencobanya.",A64RTDMilkcanbedrinkasmainmealsubstitute_Susu cair siap minum dalam kemasan yang bisa diminum sebagai pengganti makanan utama.,A67Anlene_Berikan opini Anda mengenai merek susu Anlene. Tidak menjadi masalah jika Anda belum pernah mencoba merek tersebut. Kami ingin mengetahui opini Anda berdasarkan apa yang sudah Anda ketahui.,A69Exercisetokeepfite.g.swimmingrunningtaichi_Apakah Anda merupakan orang yang mempunyai gaya hidup suka berolahraga untuk meningkatkan kebugaran tubuh?,"D5_Termasuk Anda, ada berapa orang yang tinggal di rumah Anda?"
2,Ultra,0.264537573183141,-0.602800772835793,0.0373609017878341,4,12,1,0,2,250,5,5,6,5,4
3,Milkuat,-0.956237450844354,-0.463181227917955,-0.871458299827888,3,22,1,0,1,130,4,4,6,5,4
4,Ultra,-0.3833967434378,0.267014458904306,1.79258036322792,2,5,0,1,5,250,6,4,6,4,6
5,Ultra,0.288987726763194,0.0633471528975531,-0.19142748350195,11,5,0,1,2,1000,6,4,6,6,4
6,Ultra,0.0259928413908694,1.02946517236958,1.44427966015811,5,2,0,1,5,250,6,6,6,6,4
7,Ultra,-0.523533816566802,-0.411043660874451,0.121986312837505,11,16,0,1,5,250,4,4,6,7,4
8,Ultra,0.216421570100659,0.106768811180122,1.10474572749156,3,5,1,1,5,250,2,5,6,5,5
10,Greenfields,-0.205729211622978,-0.297129511900563,-0.906302082494376,7,1,0,1,5,200,4,7,6,7,4
11,Ultra,-0.123538260253657,-0.841427286688351,-1.07597156491156,11,3,0,1,5,200,2,7,4,5,4
12,Ultra,1.96465780810407,-0.836055074233364,-0.704934368369785,2,12,1,1,4,250,6,6,6,6,5
13,Ultra,0.485994198992914,-1.17802199395858,-0.553760870715908,2,2,0,1,4,250,6,6,6,6,5
14,Ultra,-1.13370411529713,0.162017570531352,-0.157204398511631,2,3,0,1,5,250,6,6,6,6,3
15,Milkuat,-0.0971501818915713,-0.117576874632084,-1.00331660474489,3,15,0,0,4,250,3,6,6,4,3
16,FrisianFlag,0.550878558039424,-0.138488825762621,-0.867209459214227,3,22,1,0,6,200,4,5,6,5,7
17,Ultra,-0.339433959058336,-0.663675349236844,-0.580925731011561,8,21,0,1,4,250,3,6,6,3,5
18,Ultra,0.471732926936896,-0.415823020256742,-0.37846641593155,4,2,1,0,6,200,5,6,6,6,8
19,Ultra,-0.0166938075699169,-0.444538714600194,-0.750998224006177,2,4,1,1,5,250,5,6,6,5,4
20,Ultra,-0.996220338673215,-0.724254686857009,0.366198624633138,6,6,0,0,5,200,4,5,5,3,4
21,Ultra,-0.838289023827102,-0.319622565817146,-0.0994947986074339,6,3,0,1,4,200,4,4,6,4,2
22,FrisianFlag,0.392966685122313,1.00291159971108,-0.0677765592272981,2,4,0,0,8,175,4,6,4,2,4
23,Ultra,0.586830293726683,-0.220587941834997,1.3199641760785,9,5,0,0,7,1000,6,4,4,3,4
24,Ultra,-1.79777566209901,1.90263133697184,-0.380935649046056,9,7,1,0,8,1000,6,5,5,4,5
25,Ultra,-1.02178418074169,-0.379537665939508,0.180767488742184,10,16,0,1,2,125,6,5,6,6,5
26,FrisianFlag,0.0445339679265386,0.510947657280278,0.698303302187234,9,5,0,1,5,250,6,6,6,5,2
27,Ultra,0.977022289125977,-1.02833743296333,0.890395316928647,4,5,1,1,5,125,5,4,6,5,5
28,FrisianFlag,-0.566162194867389,-0.683374539529493,-1.16387997070991,8,2,1,0,5,250,2,6,6,5,3
29,Ultra,-1.19772134235829,-0.236733741045381,0.28697445872578,4,12,1,1,3,250,3,5,6,6,7
30,Ultra,-1.44250516727462,-0.239411115928282,0.217372098947285,4,16,0,1,3,250,6,5,6,6,4
31,Indomilk,0.412961893021708,-0.741771599952472,-1.29916885113097,2,20,1,1,5,200,4,7,6,2,3
32,Ultra,-0.118647436017518,-0.557511926217096,0.816358132607641,11,12,1,1,5,250,4,6,6,1,2
33,Ultra,-0.273808450817927,-0.207980163000835,1.08334119794651,8,5,1,1,5,250,4,6,7,2,3
34,Ultra,0.136498446418679,-0.488268357126661,1.55513239220268,6,21,1,1,3,250,4,5,6,1,2
35,Ultra,1.1058448697767,-0.812611680032781,0.600233518254779,4,20,1,1,4,200,4,5,6,3,4
36,Ultra,-0.197229502422572,-0.370472124148247,-0.939361389876395,2,2,0,0,4,200,4,7,5,1,3
37,Ultra,-0.509974131260894,-0.465709303988965,-0.467520617748753,9,1,0,1,5,250,3,7,4,6,3
38,Indomilk,-0.415496475384344,-0.383865432474544,-0.556331941141956,2,2,0,0,5,200,4,7,6,6,7
39,Ultra,0.00546764396617711,-0.647416150570131,-0.759265453223673,10,1,0,1,5,1000,3,7,4,6,4
40,Ultra,-0.289690633268051,-0.312270264053169,-0.905521091507401,12,2,0,0,3,250,3,7,4,6,2
41,Indomilk,-0.94466109159504,-0.30213241473099,-0.982741842113289,2,17,0,0,3,125,4,5,6,3,3
42,Ultra,-0.924201311265091,-0.630263161563995,-0.397370031278924,8,8,0,0,4,200,5,5,7,2,3
43,Milo,-1.25710025812992,0.496283992593298,-0.814222546287857,10,16,0,1,4,200,4,6,6,2,4
44,Greenfields,-0.0191862401776039,-0.222152812899764,-0.264809248386905,7,2,0,1,1,500,4,5,6,4,2
45,FrisianFlag,1.1201252575873,-0.19394961684706,-0.272303417466792,2,5,0,0,2,190,5,7,6,4,8
46,Milo,1.00484729681858,0.405972144564212,-0.0319596919320129,6,17,1,0,2,200,6,6,6,5,4
47,FrisianFlag,0.332363373350941,-0.322796936140756,-0.000566486874503932,2,1,1,0,1,190,5,6,7,5,8
48,Ultra,0.290598886011798,0.921468078753969,0.104051660818109,2,4,1,1,2,250,5,5,6,4,3
50,Ultra,0.437679493926308,-0.706948562384514,1.65226463805554,12,5,1,0,5,200,6,4,6,4,3
51,Indomilk,0.334458562954099,0.179113163680642,0.90399715214024,3,5,0,1,5,200,5,5,6,5,6
52,Ultra,1.65444769630874,-0.700861876515776,0.0683575941837177,2,3,1,0,6,200,6,5,6,5,3
53,Ultra,-0.353529078080914,-1.00722989869015,0.10194073873332,10,6,1,1,7,200,3,5,6,6,6
54,Ultra,-0.56104822565124,-0.590865498572198,-0.937725781288019,8,6,1,1,5,250,3,5,6,6,4
55,Ultra,-0.728757404997535,-0.53838482215776,-0.841459025006124,3,5,1,1,7,200,4,6,6,6,4
56,Ultra,-0.309169694693377,-1.06594423325145,1.58889265132552,2,6,1,1,7,200,5,5,6,6,6
57,Ultra,-0.191534101768035,-0.785785062735605,0.349958770911503,4,8,1,1,6,250,3,6,6,6,4
58,Milkuat,-1.16960816195107,-0.658956726148629,0.136159969497157,2,18,0,1,5,70,3,3,6,4,7
59,Ultra,-0.961435894429089,-0.191276831991338,-0.531622828975024,2,22,1,1,5,200,6,7,7,4,8
60,Ultra,-0.751942124703199,-0.606217081305274,-0.220615644711865,7,6,0,1,2,1000,4,6,6,5,5
61,Ultra,-0.972106804947483,-0.567310055058501,-0.272472110198406,6,12,0,0,3,250,6,7,7,2,6
62,FrisianFlag,-0.649801084714711,-0.66091541114155,-1.30015115171126,7,12,0,1,4,1000,6,6,6,5,4
63,FrisianFlag,1.73584494779114,-1.19116237895524,-0.970058479394943,3,12,0,0,5,150,5,7,5,3,4
64,Ultra,-0.56509441593064,-0.820235220050544,0.805804682526954,4,5,0,1,3,125,5,6,6,4,2
65,Ultra,-0.637269989498921,-0.435909754939992,-0.447365185128573,10,16,0,0,1,250,6,7,6,7,3
66,Ultra,-0.286264130625944,-0.419480087607587,-0.820690164645074,2,21,0,0,4,250,5,6,6,2,4
67,Ultra,-0.417938110273703,0.0640807645807343,-0.282407588255996,8,4,1,0,5,200,3,5,6,2,4
68,Ultra,-0.644112495952135,-1.02631045622366,1.04506514111886,2,4,1,1,5,250,6,6,6,1,4
69,Ultra,-0.0616360763233818,-0.629649276543513,-0.869053074205728,6,6,1,1,5,250,3,7,6,5,5
70,BearBrand,0.344762205465681,-0.670684795542843,-0.897000289719771,6,8,1,1,7,120,4,4,6,6,6
71,FrisianFlag,-0.530713692440223,-0.718844818071108,-0.67862348817724,8,4,0,1,4,250,3,6,7,5,3
72,Ultra,-0.180569674478987,-0.828798164163825,-0.322186356087654,2,12,1,1,5,250,5,5,6,4,4
73,FrisianFlag,-0.828774662769588,-0.452893382147977,-0.878091796422933,3,9,0,1,5,250,4,5,7,5,3
74,Milkuat,-1.05446543474184,-0.619868994774612,-0.532433253427208,4,4,0,0,3,250,4,5,7,4,4
75,Ultra,-0.807292794924041,-0.383842322771458,-0.563871537028986,4,17,0,1,4,350,5,6,7,1,2
76,BearBrand,1.73255159700061,-1.4869447126615,-0.994841523325325,8,5,0,1,2,500,4,2,6,3,3
77,Diamond,0.499676876153756,-1.14763754425192,-0.945470081512234,8,9,0,0,3,340,3,7,7,6,6
78,Ultra,-0.608789516858792,-0.727850556727337,-0.527531283360696,10,21,1,0,1,250,6,4,7,6,3
79,Ultra,-0.230003435825605,0.36448633243062,0.619414128949827,2,4,1,0,8,250,4,6,5,1,4
80,Milo,0.54455126667465,0.544053953494479,-0.132945470843752,5,7,1,0,4,250,4,5,5,6,6
82,FrisianFlag,1.65962836406165,-1.39156362710478,0.429012226732429,2,4,1,0,8,375,4,6,6,2,5
83,BearBrand,1.21525574161968,0.599795459092743,0.100134458772132,7,5,1,0,6,180,6,6,3,2,2
84,Indomilk,-0.111753702658986,-0.656808650205987,-1.16658520937583,4,5,0,0,4,220,4,7,4,4,4
86,Ultra,-0.758826716663181,-0.429625178960744,-1.36141133360277,7,6,0,1,5,220,3,6,6,6,4
87,BearBrand,1.8224682843895,-0.848166372810302,1.03300543564313,10,8,0,0,3,200,3,7,4,6,5
88,FrisianFlag,-0.360787173684461,-0.103017298408487,-0.551606878002272,4,4,1,0,5,125,6,7,6,6,5
89,Milo,0.917209972541916,2.12126255673603,0.656072682309945,4,5,1,0,7,250,4,5,4,3,5
90,Ultra,0.0597388740793606,-0.687639566370794,0.0691415430174863,9,5,1,0,7,250,4,5,4,2,4
91,Ultra,0.236777734800012,-0.786126745077181,-0.683943940862711,8,4,0,1,5,220,6,6,3,6,2
92,Ultra,0.344624256763841,0.141661856061502,-0.945914157570853,8,3,0,1,6,230,7,5,4,5,2
93,BearBrand,1.32604830544866,-0.903675884873406,1.01613118820128,9,15,0,0,2,240,6,6,5,5,7
95,Indomilk,1.77351291110836,-0.371569217203442,-1.26398429198915,2,19,0,1,5,125,6,7,4,5,3
96,Ultra,-1.18508480812074,-0.558162261213107,0.0555798384108721,8,12,0,0,2,125,5,5,6,6,8
97,Indomilk,0.709171541985463,-1.0954953122732,-0.0354740819190849,13,12,0,0,5,1000,5,7,6,3,2
98,Dancow,-0.280196666146389,-0.0137344768113156,-0.807163391285244,2,4,0,0,5,200,4,5,7,4,6
99,Indomilk,-0.0433951319382446,1.28979682284555,-1.56510952268224,4,9,0,0,3,180,3,6,6,6,5
100,Milo,-0.296731445059692,0.148891990527528,-0.141339455396421,5,8,0,0,4,240,5,5,6,3,5
101,FrisianFlag,0.717149773842169,-0.26298330291023,-1.12653669698236,4,20,1,0,4,1000,4,6,6,5,1
102,Milo,-0.181659102271636,-0.258155397468489,-0.315157276529635,12,12,0,0,4,250,5,6,6,6,1
103,Indomilk,0.298124334791213,0.207382064837859,-0.777629595428059,3,9,0,1,5,250,4,3,6,3,4
104,Milkuat,0.13772611227645,-0.716514076384356,-0.571604602631452,3,12,0,1,6,60,3,6,6,3,5
105,Ultra,-0.281904463585379,-0.445396043113548,0.384502274288175,6,3,0,1,5,250,5,4,6,3,3
106,Ultra,-1.21691751398362,0.125750831562777,1.89050925802245,2,3,0,0,4,250,4,6,6,6,4
108,Ultra,-0.263223362863728,-0.807948342683577,-0.929651734619594,4,4,1,1,5,1000,4,7,6,4,5
109,Ultra,-0.547565219012725,-0.843013013639912,-0.288824755918814,10,3,1,1,5,250,4,6,6,5,4
110,Ultra,-0.0974786323808387,-0.996926762524958,-0.958230934009953,3,22,0,1,3,250,4,5,6,5,5
111,BearBrand,-0.300076162606134,-0.410841223721084,-1.05588166047735,5,10,0,1,5,250,5,6,6,4,4
112,Ultra,-0.336968338729333,-0.495119547611087,-0.998392000086904,2,3,0,1,7,250,2,5,5,5,6
113,BearBrand,0.243311540619883,-0.367455547654915,-1.25674859892499,6,7,0,1,4,140,1,5,5,5,6
114,Ultra,-0.120117031861937,-0.272418304568854,-1.33517113275513,8,2,0,1,5,1000,4,5,6,2,4
115,Ultra,-0.207992182052047,-0.319268824350599,-0.780880547760238,6,12,0,1,4,1000,2,7,5,4,2
116,Ultra,0.0505669601317199,-0.736402216427268,-0.578256293025606,3,3,0,1,8,250,3,7,6,4,8
117,Ultra,-0.440182576708381,-0.456249782137972,-0.988271404197069,3,8,0,1,8,150,4,6,5,5,5
118,Indomilk,-0.747353605229263,-0.387744343511577,-1.00526138344945,3,21,1,1,7,250,4,6,5,6,5
119,Milo,0.0398744110851775,-0.930729916276301,-0.937541473176413,12,5,0,1,5,400,5,5,6,6,4
120,Indomilk,-0.0610325199981046,-0.985976358862641,-1.05471977770524,9,3,0,0,5,250,4,6,6,5,4
121,FrisianFlag,-0.533971017055335,-0.471774645299162,-1.05217056865187,2,5,0,1,7,250,4,5,6,4,4
122,BearBrand,0.197771930453552,-0.0219190723704062,-0.660435741595169,10,6,0,0,6,220,7,6,2,4,6
123,FrisianFlag,-1.07586021105989,0.791929768268518,1.51640401703911,2,1,0,0,6,125,4,4,3,4,4
124,Ultra,1.02092158809301,1.11993324543589,-0.230440977200119,5,10,0,1,5,330,4,7,2,4,5
125,FrisianFlag,-1.31750459362288,-1.15295793225901,1.41135151828055,3,8,0,0,8,250,4,7,4,6,4
126,Ultra,-0.551042941314072,-0.594213275267776,-0.93806386971172,3,7,0,1,5,250,4,6,5,6,4
128,Ultra,-1.01450586172988,-0.157655643419606,0.220586726633717,2,21,1,1,4,1000,2,5,6,6,4
129,Ultra,-0.761379474092452,-0.404757789681316,1.08306665472966,3,17,0,1,4,250,5,6,6,6,7
130,Ultra,1.93605536919776,-1.28287574013364,-0.274216681798063,12,9,1,1,5,250,4,5,5,6,5
131,Ultra,1.22951984774833,-1.18132973908197,-0.0523224006635066,2,18,1,0,5,250,3,5,5,1,4
132,Ultra,0.349301040926794,-0.601913882510829,-0.918948564934576,3,9,1,1,5,1000,5,6,6,1,4
133,Ultra,1.05213132711879,-0.427885388223312,0.256027108071894,4,9,1,0,5,250,4,5,5,1,7
134,Ultra,0.835976837332922,-1.22715471758517,-0.411664306132505,9,15,1,0,3,250,4,5,6,1,5
135,Ultra,-0.383837740160199,-0.732176782512622,0.69079893584504,3,17,1,1,7,200,4,6,6,5,5
136,Ultra,-0.879418989977343,-0.6679670746026,1.22934933820026,9,22,1,1,3,1000,3,6,7,4,4
137,Ultra,-0.560147276840956,-0.598894359486181,0.286111060170821,10,16,1,0,3,1000,5,6,6,6,4
138,Ultra,0.117586913149168,-0.595483434058726,0.225345463465173,6,5,0,0,4,250,5,6,7,5,3
139,Ultra,-0.876592406359623,-0.0952444694282324,1.16324410182311,7,2,1,1,5,250,5,6,6,5,4
140,BearBrand,-0.695621125390092,-0.72825352176585,-0.929663491278062,6,20,0,0,5,240,5,7,6,5,5
141,Ultra,-0.26750946196874,-0.320338941625108,-0.912444141680514,5,14,1,0,2,250,4,6,6,5,6
142,BearBrand,-0.262062697177216,-0.0740320289349848,-0.585259721865033,13,4,0,0,5,189,4,6,6,5,4
143,Milo,-0.111879325652887,-0.268111493853487,-0.660108749121119,4,12,1,0,4,140,4,7,6,4,4
144,Ultra,1.86035554363992,-0.178855028009113,-0.488829996274212,7,5,0,0,7,250,6,6,4,4,3
145,FrisianFlag,1.83657376392942,-0.098881780787893,0.439133751253276,9,8,1,0,7,250,6,6,4,4,4
146,Ultra,1.83684148959044,-0.269940062309443,0.568034096442605,3,8,0,0,7,250,5,6,4,5,3
147,Indomilk,1.35206242151565,1.07914977570906,0.587450484073958,4,9,0,0,7,250,5,6,4,5,4
148,Indomilk,-0.194555724770913,-0.312515109962805,1.15557859773995,6,6,0,0,4,250,6,7,6,5,6
149,Ultra,-1.19900597005139,0.218314354546152,1.46930169819806,4,3,1,1,5,200,6,5,6,4,7
150,Ultra,-0.235434035496549,-0.415841934611298,0.825082951318112,12,5,0,1,3,250,6,4,6,5,3
152,Ultra,-0.199524036541009,-0.494380260621002,-0.89374487932413,3,1,0,1,5,250,6,7,6,6,6
153,Ultra,-0.164429081617385,-0.569296957450417,-1.13719008089121,9,1,0,1,2,250,3,5,6,6,4
154,Ultra,0.772488556545362,-0.408201587648419,-0.845472196597614,2,17,1,1,2,200,5,5,6,4,3
155,Ultra,0.302210863852846,-0.717698955716561,0.8986653062405,3,17,1,1,2,200,6,6,6,3,4
156,Indomilk,0.204136278288257,-0.824125228474527,0.276991025331785,11,5,1,1,2,1000,5,5,6,3,2
157,Ultra,-0.350483303624629,-0.31667199791592,-0.71497874848427,2,12,0,1,6,125,7,7,7,5,4
158,Milo,-0.430612207641836,-0.800959301149417,-0.713094192205504,5,16,1,1,6,240,4,7,6,7,3
159,BearBrand,1.51714958613565,-0.0568819212944754,-1.55081498355837,12,16,0,1,5,140,5,7,7,2,3
160,Ultra,-0.90765042100434,-0.329311211629296,-0.875634079974105,2,5,0,1,5,200,6,7,7,1,4
161,Ultra,-0.493468166727489,-0.52898917007917,-0.878323404665835,2,3,0,1,5,125,5,7,6,2,3
163,FrisianFlag,-0.48472581198592,-0.43953157326328,-0.554735750086539,8,4,0,1,7,180,5,5,5,2,4
164,FrisianFlag,-0.760570207965277,-0.286563999669049,-0.588775399490439,8,6,0,0,5,1000,3,3,5,3,4
165,Ultra,-0.912172811503925,0.815893837139495,-0.998228148840386,2,4,0,0,5,250,7,4,6,3,3
166,Ultra,-0.172130471296152,-0.32785253501029,-1.37101309750849,2,4,0,1,7,250,5,7,6,2,4
167,FrisianFlag,-0.153723010136917,-0.560832531733906,-1.10862718908468,10,4,0,1,5,1000,5,4,6,1,5
168,Ultra,-0.833441866935582,-0.392288066568127,-0.288051063969188,4,6,0,0,5,200,4,3,7,4,5
169,Ultra,-0.231905206387665,-0.490705213488386,-0.222800356268775,10,4,1,1,5,250,6,7,6,6,4
170,FrisianFlag,-0.279717592772709,-0.0832228612715588,0.162652326212747,11,9,0,0,2,190,5,6,6,6,6
171,Ultra,-0.625000796066138,-0.401563879731565,0.462242611673339,2,2,1,1,7,250,5,6,6,6,3
172,Ultra,-0.888216022992972,-0.199314425518923,-0.181090043084931,5,12,1,1,5,250,4,7,6,7,5
173,Ultra,-0.695482120533749,-0.18706559383403,-0.442408199599552,4,2,0,1,5,250,4,7,6,6,5
174,Ultra,0.608542363937576,0.189559061155119,-1.27215722556423,4,12,0,0,5,250,4,7,5,4,3
175,Ultra,-1.13231590937769,-0.394459504361762,0.083451768853052,3,9,1,0,4,250,4,4,6,6,4
176,Ultra,-1.16341882489004,-0.284850460308222,0.0407651790262427,4,6,1,0,4,250,4,4,6,4,3
177,Ultra,-1.22121723908466,-0.0943930653428051,0.284802835708606,2,5,1,0,4,200,4,4,6,6,6
178,Ultra,-1.35558664723248,-0.0255474715686085,0.475754974562283,3,5,1,0,4,200,4,4,6,4,4
179,Ultra,-1.38321897849527,0.0316155734538654,0.370834573627639,4,5,1,0,4,250,4,4,6,4,3
180,Ultra,-1.05982324038778,-0.455591132092195,-0.335055428794786,3,2,1,1,4,250,4,4,6,3,3
181,Ultra,-0.798293598286936,-0.515868647001776,-0.600693613013046,6,6,1,0,4,250,4,5,6,6,6
182,BearBrand,1.28033901542742,-1.85035008349259,-0.645147981230628,10,8,1,1,4,180,5,4,6,4,4
183,Ultra,-1.09391073834112,-0.373739210972737,0.206002846681794,4,3,1,1,4,250,4,4,6,5,3
184,BearBrand,-0.086242003526073,-0.940539409371336,-0.878831375576744,7,6,1,1,4,180,5,6,7,5,4
185,Ultra,-0.931744622142927,-0.362444775202714,-0.453255943493494,4,3,1,0,4,250,4,4,6,4,3
186,BearBrand,0.922645962485721,-1.16497533733463,-1.01551278946927,11,2,1,1,4,180,3,4,7,4,4
187,Ultra,-1.12383373318794,-0.340775297899915,0.12209381474178,3,1,1,0,4,250,4,4,6,3,3
188,Ultra,-1.24960015701242,-0.559438823217973,0.228175094241009,6,4,0,1,2,250,5,6,6,6,3
189,Ultra,-0.72096294949565,-0.565441127594604,-0.415265453331778,3,6,0,1,5,250,4,4,6,4,3
190,Ultra,-1.16354972021737,-0.284406748911608,0.0406377896837257,3,9,1,0,4,200,4,4,6,6,4
191,BearBrand,1.20912404992354,-0.0110257892227385,-0.170390404553161,5,12,1,1,5,180,1,7,7,7,7
192,FrisianFlag,-0.856114992429312,-0.302537117640016,-0.848908248346275,4,3,1,1,4,250,4,4,6,3,4
193,Ultra,-0.523779211387806,-0.274413640485107,-0.985785688172936,6,11,1,0,5,250,4,5,6,6,5
194,Ultra,-1.2099657309767,-0.313176919439645,0.401524819183816,5,2,1,0,5,200,3,5,6,5,1
195,Anlene,-0.352828633980647,-1.24979726321201,0.0364780732100383,10,5,1,1,3,110,3,5,7,4,3
196,BearBrand,0.764554150339844,-1.28601016414655,-1.77640355855632,12,5,1,1,5,140,4,5,5,4,1
197,Ultra,-1.12166721013681,0.0588547355303128,0.714360110873609,4,6,1,1,8,200,4,6,6,6,4
198,Ultra,-0.0610586787088012,-0.404911598624305,1.5418677860808,4,9,1,1,8,200,4,5,6,6,4
199,Ultra,-0.315120409341553,-0.290068850737675,1.55400862144338,9,6,1,1,4,250,4,6,6,7,3
200,Ultra,0.298077787813454,-0.559755531228031,1.42216385277995,3,4,1,1,7,200,4,5,6,6,3
201,Indomilk,-1.1668032201016,-0.0686483517865651,0.898469983013337,7,6,0,1,3,400,4,6,6,3,2
202,Ultra,0.0306062509956512,-0.270393273855255,0.573882230673843,7,5,0,1,4,190,6,5,6,5,3
203,Ultra,1.77184065491788,-0.771254254199052,0.55046518577746,3,4,0,0,5,200,6,5,6,3,2
204,Ultra,-0.214694175498461,-0.873220500592231,-0.0450415390834049,2,10,0,0,5,200,6,5,6,3,3
205,Ultra,-0.855906640706164,-0.649680603393885,1.3884670743062,11,5,1,1,4,400,5,5,6,4,7
206,Ultra,-0.107003811074084,-0.524627020930543,-0.65589019934084,2,7,0,1,5,200,6,6,6,4,4
207,Ultra,-0.0287578351139828,0.00968110242619873,0.107004377621646,3,7,0,1,7,200,2,5,6,6,3
208,Ultra,-0.526663580290136,-0.57988426458333,-0.447298769269157,9,7,1,0,4,200,5,5,6,4,3
210,Ultra,0.714444327914203,-0.819421357042502,-1.1211154187675,2,8,1,1,7,200,4,6,6,6,3
211,FrisianFlag,0.413229341557884,0.465783140730464,1.4526663327122,8,8,1,0,7,250,6,6,4,5,3
2001,Indomilk,-0.824473254789245,0.240598689127091,-0.454435000941227,2,4,0,0,6,225,4,7,6,6,5
2002,FrisianFlag,-0.255323662932854,-0.367796620687497,0.183829187195084,3,2,0,0,4,180,4,5,6,6,6
2003,Indomilk,-0.757692888380411,-0.534384478342056,0.0369567593139475,6,4,0,0,7,250,5,5,6,6,3
2004,Ultra,0.660162509045837,-0.513267906875197,-0.707294577701705,3,4,0,0,5,125,5,3,6,6,3
2005,Indomilk,-0.722082399967253,1.2722950319291,0.237651613491234,2,3,0,0,5,115,5,7,6,4,4
2006,FrisianFlag,-0.514891777832093,0.497318036042634,0.0231388741318842,8,10,1,0,4,180,5,6,6,6,7
2007,FrisianFlag,-0.0774735679661177,0.199835311502851,-0.117324027668831,5,3,0,0,1,180,5,5,6,6,2
2008,FrisianFlag,-0.588743079099879,0.0822787329793532,-0.809860132929232,9,4,0,0,5,250,5,4,6,6,4
2009,Ultra,-0.229067306468558,-0.036380713131484,-0.226183416015882,2,4,1,0,5,200,5,5,6,6,4
2010,Indomilk,-0.486594052775244,0.765149700742197,0.663114575587299,9,13,0,0,4,190,5,5,6,6,5
2011,Ultra,-0.333991037628337,-0.445188038256491,-0.962311311871081,3,6,1,0,5,125,4,7,6,6,6
2012,Ultra,-0.446407250981627,-0.412640589371537,-1.03225228530671,2,12,1,0,5,125,4,6,7,5,8
2013,Ultra,-0.683802565599422,-0.942201353371729,-0.0299670264446602,10,19,1,0,2,1000,6,7,7,6,4
2014,Ultra,-0.756225001558101,-0.828346651127034,0.241279166514591,7,10,1,0,2,1000,6,7,7,5,5
2015,BearBrand,1.07205426907528,-1.62002459040054,0.959740016861602,12,14,0,0,3,140,6,6,6,6,5
2019,Milkuat,0.829248837777769,-0.643797090978497,-1.47704205824255,3,5,0,0,5,180,7,6,5,7,4
2021,FrisianFlag,-0.435815080643485,0.69620108424682,-1.16842295406445,5,14,0,0,5,180,5,4,3,4,3
2022,Milkuat,-0.567170529921799,-0.989769968663937,-1.34281785472616,9,16,1,0,4,180,5,4,6,2,1
2023,Ultra,-0.465296587554843,-0.761281625559891,-1.41132036105678,8,9,1,0,4,1000,5,4,6,4,3
2024,FrisianFlag,0.932020401371552,-0.102192191210179,0.556720928727287,7,22,1,0,4,180,3,6,6,4,3
2025,Dancow,1.54533623028769,-1.10979910463544,0.804583426942935,3,17,0,0,5,250,3,5,6,5,4
2026,Ultra,-0.238232424032052,0.984034471022453,0.350565364739247,2,3,0,0,4,125,4,4,6,6,4
2027,Ultra,0.781304317714256,-0.214169552849266,-0.219637976584826,2,12,0,0,3,125,5,5,6,4,6
2028,Indomilk,-0.490384484208811,-0.364538814222968,-1.39216027481317,4,22,0,0,5,115,4,4,6,6,5
2029,Ultra,0.438191306304453,0.327267629759575,0.313102029526567,4,4,0,0,6,125,4,4,6,6,4
2030,Ultra,0.566923968790541,-0.309568646409687,-1.26387062172706,3,3,0,0,5,125,7,4,6,5,3
2033,Ultra,0.158555747448104,0.278752316971517,-0.420171936751536,6,5,0,0,4,250,4,3,6,4,3
2035,Ultra,-0.317717754315489,-0.884352061203162,-0.823134418072377,2,12,1,0,8,125,4,3,6,5,4
2036,Milkuat,-0.880266431584421,-0.75592578093644,-0.818994012442435,3,4,1,0,4,180,4,6,6,6,4
2037,Ultra,-1.27270325891376,0.289139290725999,0.568972397426024,5,19,0,0,5,250,5,4,7,6,3
2038,FrisianFlag,-0.662347304437445,1.1537412722671,-0.233184791013747,6,13,0,0,4,180,4,4,7,6,3
2039,BearBrand,2.22958136714946,-2.35387243813344,-0.746438066168771,10,3,1,0,5,189,5,4,5,6,3
2040,Ultra,0.407393074567246,-0.0862480831829226,-0.782736908655658,7,19,0,0,5,200,5,7,7,6,2
2041,Indomilk,-0.19080529224388,-0.0688844222777997,-0.621606822958126,2,21,0,0,5,125,5,5,6,6,4
2042,Anlene,0.224051778736753,0.49258534268575,0.102781367992332,12,5,1,0,4,250,3,3,7,7,2
2043,Ultra,0.264294880937952,0.294024144477144,-0.496839370428,8,3,0,0,4,250,5,5,6,6,4
2044,Milkuat,-0.120713196458067,1.12541046801065,-0.642031598407007,5,13,0,0,4,180,6,5,4,7,6
2045,Ultra,0.198982666982475,0.571045210207766,-0.56392598019254,2,3,0,0,8,125,6,6,6,6,4
2046,BearBrand,1.66068959946271,-0.408859204031814,0.376450164579098,8,17,1,0,2,189,5,4,4,5,3
2048,FrisianFlag,-1.6376866017277,-0.656508587862778,1.92695535961128,7,20,1,0,3,180,6,3,2,5,2
2049,Ultra,1.04859298253425,0.348404025530818,-0.27129311354647,9,5,0,0,2,200,4,4,4,6,3
2050,FrisianFlag,0.428699965452806,0.865612385731713,0.93555717756081,8,21,1,0,2,200,2,3,7,6,3
2051,Ultra,-0.595706972926699,-0.45564408074747,-1.12017708384675,4,12,0,0,4,1000,5,5,6,5,4
2052,Ultra,-0.323311442496045,-0.620128988732948,-1.3588347193072,3,4,0,0,8,200,6,5,6,5,4
2053,FrisianFlag,-0.540732982830666,-0.727474486483502,-0.747464681013596,4,12,0,0,5,115,5,5,7,4,6
2054,Milkuat,-0.472912890576027,-0.578844329372483,-1.26919528467773,4,12,0,0,5,250,5,5,6,4,3
2055,Ultra,-0.653173813662117,-0.591616435499498,-0.389823300970913,2,8,0,0,5,200,5,5,6,5,4
2056,Ultra,0.0385385741235491,-0.968875755675782,-0.460917992680203,3,10,0,0,5,200,6,4,6,4,5
2057,FrisianFlag,-0.253506276755635,-0.460435416406605,-1.10372900082423,6,22,0,0,4,250,6,7,6,6,2
2058,Ultra,0.812677998429883,-0.77685717592424,-0.444056847240063,4,9,0,0,6,250,5,7,6,6,5
2059,Ultra,-0.231935606922852,0.0985035073392962,-1.59500614242171,10,10,0,0,4,250,5,7,6,6,5
2060,Ultra,-0.00461204414832434,-0.0270504578124657,-0.645015632182198,3,3,0,1,6,200,6,4,6,6,4
2061,Ultra,0.942754557292769,-0.381969069879888,1.01931066332708,6,12,0,0,4,1000,6,6,6,5,4
2062,Ultra,1.43247760645657,-1.01832130272857,0.360675581594635,7,5,0,0,2,250,4,5,6,6,4
2063,FrisianFlag,0.554934137820533,-0.275830522297783,0.0467307211973194,8,6,0,0,5,250,5,6,6,5,3
2064,FrisianFlag,1.48073452887197,1.03581166829359,0.422074461778483,6,12,0,0,3,250,4,5,6,4,3
2065,FrisianFlag,-0.267820113093043,-0.0178745130235129,-0.953640655728758,3,11,1,0,6,180,5,4,6,6,2
2066,Milkuat,-0.880546921571563,-0.754974970800837,-0.819266989604971,3,4,1,0,4,180,4,6,6,6,4
2067,Ultra,-0.367812115382675,-0.44570700441078,-1.18430586073094,3,12,1,0,8,125,4,3,6,5,3
2069,Ultra,-0.334533318270145,-0.44334980532766,-0.962839067718651,4,6,1,0,5,200,4,7,6,6,2
2070,Milkuat,0.828772004799627,-0.642180713747973,-1.47750611941887,3,4,0,0,5,180,7,6,5,7,2
2071,Ultra,-0.932392572338781,-0.785437417097081,0.563397170334518,2,9,0,0,5,200,4,6,6,5,6
2072,Ultra,-0.81940323056387,-0.564270434674654,-0.268949489457249,4,4,0,1,5,200,4,6,6,5,3
2073,FrisianFlag,-0.553041472131325,-0.712613948929875,-0.316719575837776,9,19,0,0,4,1000,4,6,6,5,4
2074,Ultra,-0.540501353266149,-0.792741435761462,-0.293459964829511,5,8,0,0,5,200,4,6,6,5,4
2075,Ultra,-0.489921000585493,-0.563686538274697,-0.827439757575068,3,4,0,1,2,1000,4,6,6,5,4
2076,Ultra,-0.613515668676661,-0.674539835750075,0.537172876900499,4,2,0,0,6,1000,6,6,6,4,3
2077,Ultra,0.370578465163109,-1.02474177980289,0.763684154290004,4,9,0,0,5,250,5,6,6,6,5
2078,Ultra,-0.229712433438985,-0.0341938498195984,-0.226811263489716,4,4,0,0,5,200,4,4,6,6,5
2079,Ultra,-0.849351487571919,-0.618489022150715,1.24062882155816,6,16,0,0,5,250,5,4,6,6,5
2080,Anlene,-0.16256802798623,-0.863786882032193,-1.0851107678403,12,3,0,0,4,110,6,6,7,6,3
2081,Ultra,-0.514259972272007,-0.343633069058851,-1.43294928777136,2,12,0,1,5,200,6,5,6,5,3
2082,Ultra,-0.476627347589752,-0.429824106578307,-1.43805380240934,2,12,0,1,4,250,6,5,6,6,4
2083,FrisianFlag,-0.855221652136639,-0.0578345098529054,-1.21648260004758,4,8,0,1,5,115,6,5,6,6,4
2084,Ultra,-0.544684992960078,-0.685246839823478,-1.18698904840822,3,12,0,1,4,200,6,5,6,4,3
2085,Ultra,-0.547953602914427,-0.604100305930105,-1.05292977089508,3,12,0,0,5,200,5,5,6,6,4
2086,Ultra,1.12363823356814,-0.129241890780726,-0.149641429677679,4,12,0,0,5,200,5,3,6,6,5
2087,Ultra,1.0560049630481,-0.642954717405954,-0.799907937749094,5,12,1,1,4,1000,4,4,6,4,4
2088,Ultra,0.559224385723026,-0.284456639724837,-1.27237966022708,2,3,0,0,5,125,7,4,6,5,5
2089,Ultra,-0.229815279767604,-0.0338452194365442,-0.226911355115979,3,4,1,0,5,200,5,5,6,6,6
2090,Ultra,-0.447136524948197,-0.410168483018971,-1.03296202592931,3,12,1,0,5,125,4,6,7,5,3
2091,Ultra,-0.859062539533596,0.150523719118576,0.13067564174174,5,16,0,0,5,200,5,6,6,4,4
2092,Indomilk,-0.567825006558464,-0.987551411680865,-1.34345480143875,3,2,0,0,5,115,6,5,6,4,4
2093,Indomilk,-0.578665735219048,-0.289970384982529,-0.835882602813418,13,16,0,0,4,250,6,5,7,6,4
2094,Ultra,-0.591980217631462,-0.832414585477153,-0.795766045815648,11,16,0,1,1,1000,5,5,6,5,5
2096,Indomilk,-0.268601493404,0.0658875494174506,-1.17763603239121,3,16,0,0,7,125,4,7,6,6,4
2097,FrisianFlag,-0.0992243216714492,-0.212110848590106,-0.852584690418722,3,10,0,0,6,180,3,6,6,6,3
2098,FrisianFlag,0.537881084764726,0.325237493880335,-0.897270427186081,3,4,0,0,6,180,3,4,6,5,5
2100,Anlene,0.296153451586124,-0.312303331933499,-1.72523952082985,11,16,0,0,1,110,5,6,6,5,4
2101,Ultra,1.14514901667662,-0.189100067777434,-0.139725226435547,2,12,0,0,5,200,5,3,6,6,3
2102,FrisianFlag,-0.0449289689636038,-0.311187371435605,-0.583754799350287,3,22,0,0,5,115,6,5,6,5,6
2103,FrisianFlag,0.300022570659735,-0.343912673316139,-0.219525996510576,8,6,0,0,4,180,6,5,6,6,2
2105,Ultra,1.06359560859041,-0.680262278355779,-0.783772530631707,5,12,1,1,4,1000,4,4,6,4,4
3002,Indomilk,-1.21290990548751,-0.793248930271242,0.528426317905011,7,5,0,1,3,200,4,5,6,4,3
3003,Indomilk,-1.05819573461573,-0.562630125607954,-0.147403288464971,3,5,0,1,4,115,5,5,6,4,5
3004,Indomilk,-1.08263182248995,-1.01413691998594,0.948834846073068,5,5,0,1,4,115,4,5,6,5,3
3005,Indomilk,-1.24192761154468,-0.257140781802967,-0.111703417272698,6,20,0,0,3,1000,4,5,6,5,3
3006,Ultra,-1.17749251718758,-0.139745583080143,-0.200949068774715,4,5,0,1,6,200,4,7,7,6,4
3007,Ultra,-1.53208927269844,-0.349988650112977,0.942637105414309,5,5,1,1,1,200,4,4,4,3,6
3008,Ultra,-0.868842564331223,-0.699858592881936,-0.403626405975264,7,5,0,1,7,200,6,2,6,6,6
3010,FrisianFlag,-0.77736093751032,0.294527902543944,0.300277056817371,3,2,0,1,7,250,4,4,6,3,8
3011,Ultra,-1.35047880667716,-0.211041297421082,0.378770084637258,2,5,0,1,7,200,2,3,6,6,8
3016,Ultra,-1.01221147927123,-1.04209235275376,1.06126058124513,9,5,0,1,4,1000,5,4,6,4,7
3019,Ultra,-0.845755500693301,-0.35958471256478,-0.245761492810811,2,4,0,0,5,250,5,4,6,4,7
3021,Indomilk,-1.20194074669568,-0.401473638110341,0.785672718146189,2,4,0,0,6,250,4,4,6,3,5
3023,FrisianFlag,-1.60611541740542,-0.519007697598516,1.11917006738683,7,15,0,0,5,200,4,5,6,3,3
3027,FrisianFlag,-1.32794862326219,-0.474556600385891,0.908969591037892,10,5,0,1,1,250,4,5,6,2,4
3028,Indomilk,-1.37110013011664,0.678879252519621,1.38846811180795,5,20,0,0,5,200,5,6,6,4,5
3031,Indomilk,0.441048532419158,-0.328752073443255,1.04920465200221,2,5,0,0,4,125,5,6,6,4,6
3033,Indomilk,0.485706884832797,0.540892070412747,0.0228720245684799,10,15,0,1,4,1000,6,5,5,3,3
3036,Ultra,0.0190943896630593,-0.0785299784598953,0.199174534547515,6,8,0,1,5,250,5,6,5,6,4
3038,FrisianFlag,-0.444859995373742,0.833540537936823,1.02308560957419,2,3,0,1,4,250,4,6,5,4,6
3039,FrisianFlag,0.165607717336166,-0.0739407548808696,-1.20156683532423,2,3,0,1,5,115,4,6,5,4,4
3040,FrisianFlag,0.026292524130203,-0.35596869266536,0.0779868236063993,8,3,0,1,4,250,5,6,6,5,5
3041,FrisianFlag,-0.568210558578607,0.570870052007376,0.651927257562259,3,5,0,1,5,250,4,6,5,4,8
3042,Anlene,-0.521865770547847,-0.230160225848167,-0.573841354084866,10,21,0,1,4,250,5,5,6,4,3
3043,Milkuat,-0.645329267142618,-0.807401533174446,-1.34708895898794,7,5,0,1,4,250,4,6,6,3,7
3044,FrisianFlag,1.37340837249141,-0.851236715885824,0.159191154831302,11,4,0,1,5,250,4,6,6,6,8
3045,Milo,0.334813836252949,0.315708322709489,0.419116103872238,6,5,0,1,4,200,6,6,5,5,3
3046,FrisianFlag,0.101870528480726,0.898917223557675,0.426440929082051,2,3,0,1,5,115,5,6,5,4,5
3047,Indomilk,-0.0524600096268178,0.0648763631599312,-0.505549700466838,7,20,0,1,5,115,4,6,5,4,3
3048,Indomilk,-0.101592069428125,-0.377588333422181,0.0252094443554987,7,9,0,1,4,200,3,5,6,7,3
3049,Indomilk,0.0655457348480977,-0.481430760531119,-0.380590517177413,8,5,0,0,2,200,5,6,7,5,3
3051,Ultra,-1.04262586383952,-0.572593653171852,0.22544412780726,5,13,1,0,5,200,4,7,7,6,4
3055,Indomilk,-0.832921385253616,-0.379192183640044,-1.27718474961394,2,5,0,1,5,125,6,5,6,5,4
3056,Indomilk,-0.816136659430571,-0.163648269883812,0.289610565683394,2,3,0,1,5,125,6,6,6,2,6
3057,FrisianFlag,0.0501972056421618,-0.905523597471226,-0.45717545660291,5,5,1,0,5,250,3,3,6,5,6
3058,FrisianFlag,-0.416419647109507,-0.136224374786462,-0.524889117627139,2,12,0,1,4,250,4,5,6,4,6
3059,FrisianFlag,-1.47563357156456,-0.301772104824074,0.56566815349714,2,21,1,0,5,200,6,6,6,4,4
3061,FrisianFlag,-1.20813745185139,0.080110988676588,-0.0841782138982063,2,17,0,0,4,250,5,5,6,4,5
3062,Milo,-0.240523877498589,-0.848812644454101,0.231431536192373,7,9,0,1,4,200,3,5,6,7,6
3064,Ultra,-0.392340232348469,0.100856322745197,0.62626905074563,11,5,0,1,2,200,2,6,6,5,5
3065,FrisianFlag,-0.0385308462685277,-0.555643540089819,0.141899637690542,3,17,0,1,5,250,3,6,6,6,4
3068,Ultra,-0.493443539486316,-0.0368761432127142,-0.703639377027557,6,6,0,0,4,250,5,5,6,6,6
3069,Ultra,0.577104705326172,-1.09046054526985,-0.983803449059099,10,5,0,0,2,1000,6,5,6,6,2
3070,Indomilk,0.157068346293373,-0.684966657710917,0.517372851187251,10,21,0,0,3,1000,5,5,7,5,4
3072,Ultra,-0.421755556853702,-0.281676108610212,-0.921694687901299,7,4,1,0,3,1000,5,6,6,5,3
3073,Indomilk,-0.0138104918792369,0.381644137876223,-1.20689881670903,4,5,0,0,2,200,5,5,6,4,5
3074,Indomilk,-0.253568746324567,0.440093601977013,-1.24784938734172,3,5,0,0,2,200,5,5,7,4,3
3076,Indomilk,-0.0571947135293368,-0.672526014414997,-0.636002947970693,5,6,0,0,4,200,4,5,6,5,4
3077,Ultra,-0.33678331836755,-0.266623473455132,-0.7991254092834,11,15,1,0,2,1000,5,5,6,5,4
3079,Indomilk,0.0649116839760923,-0.0953851754184104,-0.935169796028278,2,4,0,1,5,250,4,5,6,5,5
3081,Milkuat,-1.46494804100099,-0.85388506932563,1.48468154868955,2,22,0,0,7,200,4,6,7,5,4
3085,BearBrand,0.265364297870632,-1.17420622619635,-0.168178062859139,5,6,0,0,5,170,3,5,6,5,4
3088,FrisianFlag,-1.0802959152968,-0.280456339838651,-0.51286747869964,6,5,0,0,5,250,5,5,6,6,3
3090,FrisianFlag,-1.03088770651971,-0.318342926271033,-0.345871272740728,8,5,0,1,3,1000,5,4,6,4,1
3091,Indomilk,-1.2243109721961,-0.593394886903736,0.800259157703692,2,3,0,0,4,125,5,5,6,4,6
3096,FrisianFlag,-1.13993465211117,-0.38026291985473,0.592345368725062,5,2,0,0,3,250,4,4,6,5,4
3097,FrisianFlag,-1.33888132597703,-0.765492457452831,1.11002423988769,3,12,0,1,4,250,4,4,6,4,4
3098,FrisianFlag,-1.08003761422091,-0.188328294315669,-0.158950435475817,2,4,0,1,4,250,4,5,6,4,7
3101,FrisianFlag,-1.24645485910835,-0.651897486102954,0.994105715924749,3,3,0,1,3,250,4,4,6,4,7
3102,FrisianFlag,-1.17971092122009,-0.252289612039038,0.218007246440009,2,5,0,1,4,250,4,5,6,4,6
3104,FrisianFlag,-1.41379875875586,-0.441562036881365,0.969909397731277,9,20,0,1,1,250,4,4,6,3,4
3105,FrisianFlag,-1.36884334831937,-0.504877732835636,0.710688572576342,4,17,0,1,5,115,5,4,6,4,5
3107,FrisianFlag,-1.0338497306897,-0.701765826592507,0.735364454341932,2,21,0,1,5,125,4,5,6,4,6
3109,FrisianFlag,-1.43867934569249,-0.567772105355244,1.13606261688196,2,12,0,0,1,250,5,4,6,4,8
3111,FrisianFlag,-1.28797932597162,-0.658304683232851,0.825616568197572,2,17,0,0,1,200,4,5,6,4,8
3116,Ultra,-0.145867253847402,-0.295639410357655,-0.11578234994483,3,5,0,1,5,200,6,5,5,2,5
3118,Ultra,-0.866386177220254,-0.320821799673058,0.326072273734552,8,3,0,1,3,250,5,6,6,4,5
3120,BearBrand,1.93118520589858,-0.582056807941092,-0.223136213735755,6,1,0,1,2,189,6,3,6,7,4
3121,FrisianFlag,-0.838953911239048,-0.122584272643879,2.07490679907487,6,5,0,1,3,200,4,6,6,6,2
3122,Indomilk,-1.27113336414567,-0.749282418660514,0.383702072200638,2,11,0,1,4,115,6,5,7,4,5
3130,Milo,-1.1249145555114,-0.852566509365281,0.30447703577158,3,12,0,1,4,110,5,5,6,4,3
3131,FrisianFlag,-0.628078305866519,-0.914211217477941,0.0815042507928676,2,4,0,0,6,50,5,5,6,5,3
3134,Indomilk,-1.27400066401769,-0.774275081135664,0.445458596710247,7,12,1,1,5,115,6,6,6,4,4
3135,Milkuat,-0.934681267028015,-0.572668345779646,-0.499442982759039,3,3,0,1,5,110,7,5,7,4,4
3137,Indomilk,-1.37396658769591,-0.78462810819039,0.825830901964119,10,12,0,1,5,115,6,5,7,4,4
3138,BearBrand,1.76831644758254,-1.33296417708294,-2.31898732325345,8,3,0,1,5,189,6,5,6,4,5
3140,Ultra,-1.17305810191853,-0.966216542674866,0.733741968409449,2,12,0,0,7,125,7,5,7,4,3
3141,Indomilk,-1.2043096203011,-0.636957612839191,0.190074315115295,2,3,0,0,7,115,7,5,7,4,7
3145,Ultra,-1.00782084912398,-0.920659055205023,0.362641999250627,5,11,0,1,7,200,6,5,7,4,3
3149,Milo,-1.11748700357165,-0.939291324893244,0.307175221646586,5,12,0,1,7,110,6,5,6,4,4
3151,Milo,-0.901438571130382,-0.773799285177086,-0.234640390280784,2,11,0,0,4,110,6,5,7,4,6
3152,Ultra,-0.502578443374117,-0.800687925004345,-0.432920197621786,3,3,0,1,5,200,6,5,7,4,5
3155,Milo,-0.988833481777724,-0.905582391935636,0.246289681589142,6,3,0,1,4,110,6,5,6,4,3
3158,Indomilk,-1.29161865807964,-0.71313282789461,0.469530598497013,3,3,0,1,7,115,6,5,6,5,7
3159,FrisianFlag,0.184111795434989,-0.566062879536536,0.968609778612877,4,4,0,0,4,1000,3,7,6,6,4
3160,FrisianFlag,-0.617909791404674,-0.514044037830062,1.45606128173155,6,5,0,0,4,115,6,6,6,5,4
3161,FrisianFlag,-1.13415984309018,-0.661151437301996,2.13998751048155,5,12,0,1,4,250,4,5,6,6,4
3163,Milo,0.884580480660924,-0.158861047745264,0.923197896396593,4,3,0,1,4,200,4,6,6,6,4
3167,Ultra,-0.775474626662452,-1.18862449730814,1.01301599003439,8,13,0,0,4,1000,4,6,6,6,4
3170,Indomilk,0.189779209815183,0.27269803152945,-0.69573373514546,6,3,0,1,5,200,6,5,6,6,1
3174,Indomilk,0.17876359004347,-0.342913247797284,-0.837666017600024,13,3,0,1,5,200,6,6,7,3,2
3175,FrisianFlag,0.819386232041654,-0.232515729888795,-0.253167009311424,11,2,0,1,5,190,6,7,6,6,3
3176,FrisianFlag,0.0550447655342649,-0.226938984690404,-0.72966748717289,6,5,0,1,5,190,6,5,6,7,1
3177,Ultra,-0.127219239610956,-0.376365871385221,-0.474987486727394,6,9,0,1,3,200,6,6,6,5,1
3179,Indomilk,-0.347072401906414,-1.12251577651609,0.930377029568738,8,17,1,0,4,210,5,6,6,5,3
3180,FrisianFlag,1.65054999043387,-0.794820597379887,0.0584754726639586,6,5,1,1,2,210,6,5,6,6,4
3181,FrisianFlag,-0.839017151581139,-0.210792895996393,0.429033149518417,3,16,1,0,4,200,3,5,6,4,3
3184,FrisianFlag,0.339745239036242,-0.966986813551363,0.133175909256239,2,5,0,0,4,210,4,6,6,5,3
3185,Indomilk,1.48702271683321,-0.652260920089624,-0.279231822808226,3,3,0,1,5,200,4,6,6,5,4
3187,FrisianFlag,-0.483968121775699,-1.0320512808054,0.859816779381615,12,2,1,0,3,200,4,4,6,1,8
3188,Indomilk,-0.149946700974172,0.471509167033816,-0.976035351835617,13,18,0,0,5,200,6,7,6,6,4
3189,Ultra,0.0391717970856309,-0.121358869515798,-0.817630243532361,3,3,0,1,4,1000,5,5,6,3,8
4004,Indomilk,-1.03347707216819,0.225975198554377,0.514472553148307,9,4,1,0,4,200,3,6,6,3,5
4005,Milkuat,-0.630167627395652,-0.0712961601504958,0.734144126065386,10,12,0,1,5,70,6,6,6,2,7
4009,Indomilk,1.30282761861686,-0.471372846107108,0.510485577795112,3,12,1,1,4,180,6,5,5,2,4
4011,FrisianFlag,0.0356095833308954,1.69311991429181,1.0710058902926,8,20,0,0,4,250,6,6,6,4,3
4012,Milkuat,-0.720095010813909,-0.44966569755006,-1.41139763902566,3,5,0,1,6,70,6,5,6,4,4
4014,Ultra,1.37567403182528,0.543237058283358,0.837121897338867,10,20,1,0,2,250,6,5,6,2,4
4015,Ultra,-1.57705799005905,0.447430094140435,0.19280749622473,2,5,1,1,6,250,5,6,6,4,4
4020,FrisianFlag,1.77631473028409,-0.13811509730435,0.673122929956984,6,2,0,0,5,250,6,6,6,5,3
4023,Milkuat,-0.358860812277052,-0.478451549818918,-0.462322217697228,2,17,0,1,3,100,6,6,6,2,8
4024,Ultra,-1.04544376144489,-0.0755255192479655,-0.631306947380551,9,16,1,1,2,200,3,4,7,1,6
4026,Indomilk,-0.497953374188818,-0.581426453774957,-0.377150641091222,3,5,0,0,4,250,5,6,6,5,3
4027,BearBrand,0.317620187971681,-1.34304824968,-0.294743618185446,5,16,0,1,4,150,6,5,6,6,5
4030,Milkuat,-1.45568820975615,0.668457096891053,-0.988544014928819,4,8,0,1,2,90,5,5,7,1,3
4032,Milkuat,0.000905068848229345,-0.573733488527554,-0.77888213134736,3,21,1,1,4,150,6,6,6,3,4
4033,Indomilk,-0.324619984172548,0.090476895252717,-0.736757035761603,7,20,1,1,4,1000,6,6,6,2,6
4035,Indomilk,-0.268438093640172,-0.550254548907262,-0.14871412705842,11,20,1,1,1,1000,6,6,7,2,3
4036,Milkuat,-1.12807899189433,-0.252259938060821,-0.736070587083237,10,5,1,1,2,200,4,4,6,2,7
4038,Indomilk,-1.11364140408143,0.556238076822753,0.0695670962331104,7,3,1,1,4,110,4,4,6,2,3
4041,FrisianFlag,-0.363481249259766,0.330490201088626,-0.0471322378547804,2,2,1,1,3,115,4,4,6,2,4
4043,FrisianFlag,-1.33619666818678,0.483857963755099,0.166833827157206,9,15,1,1,2,110,4,4,6,2,4
4045,Milkuat,-0.634214828750258,-0.171019329618742,-0.738715975479188,2,16,0,1,5,50,6,6,7,2,4
4046,Indomilk,-1.16513212222116,0.408684745901368,-0.61298864483143,2,22,1,0,7,110,4,4,6,2,5
4049,Milkuat,-0.302143767182613,-0.377522794555823,-0.733759764748506,2,16,0,1,5,150,6,6,6,3,4
4050,Milkuat,-1.74475123848627,0.490336377911104,-0.241429247543634,3,5,0,1,4,90,4,4,6,1,4
4052,Indomilk,-1.10305458898775,0.361458227889413,-0.764422399870759,7,5,1,1,2,110,4,4,6,1,3
4058,FrisianFlag,0.270054910442171,-0.155394818828875,-0.0713862520376722,2,9,0,1,3,200,7,6,7,5,7
4059,Indomilk,-0.981739197933368,-0.160552579832404,-0.679282090648088,10,15,1,1,2,190,6,4,6,1,3
4060,Indomilk,-0.609721187607941,0.19691798046756,-0.98668123338546,2,4,1,1,5,190,5,4,7,1,8
4061,FrisianFlag,1.48226162308349,0.333577392292583,0.887124491472533,2,8,1,1,5,250,6,6,5,5,3
4062,FrisianFlag,-0.0777113584441134,0.442036350556712,0.0618960913835349,2,17,0,0,5,250,5,5,6,2,4
4064,FrisianFlag,1.32094558030447,1.10518638019954,0.0795314366824951,3,3,0,1,4,250,2,4,6,2,3
4069,Milo,-1.79406829360439,2.10872504396061,0.404086107155475,2,3,0,1,5,250,6,6,7,1,4
4072,Ultra,-0.0716224298637191,-0.114991617594656,-0.579550520435961,11,20,1,1,2,1000,2,6,7,5,3
4073,Indomilk,1.57916872486035,0.915521436596414,0.41824314067142,8,20,1,1,2,1000,2,6,6,5,6
4075,FrisianFlag,0.146788404104202,0.661445334184434,-0.370847737617394,3,10,1,1,4,250,1,6,7,5,5
4076,Anlene,2.19867233293362,-1.04217774757341,0.387851328529165,13,21,1,0,2,200,4,4,7,2,6
4077,FrisianFlag,-2.1639842044024,3.13003676678089,0.0217010286767601,3,8,1,1,4,200,4,5,6,3,5
4079,Ultra,-1.29568123894484,0.405831046802871,0.101744744874478,2,22,1,0,4,200,6,4,7,2,4
4081,Ultra,-1.3335267738652,0.0268348666152793,0.208807508835949,3,22,1,1,2,200,4,6,6,3,4
4082,Milkuat,0.146722956440536,0.661667189882741,-0.370911432288652,3,20,1,1,3,200,6,6,6,5,5
4083,FrisianFlag,-0.633253826069547,1.27684048744774,-0.0882011645385244,13,5,1,1,1,200,4,4,5,2,3
4086,FrisianFlag,0.146685557775583,0.661793964567488,-0.370947829243657,12,16,1,1,3,1000,6,6,6,3,6
4091,FrisianFlag,-0.348430346931594,-0.543250219109306,-0.989447030000075,2,16,1,1,5,200,6,6,6,5,6
4092,FrisianFlag,-0.82028526097143,0.079437717800939,-0.565197531428705,3,21,0,1,5,200,4,4,6,3,4
4094,Ultra,-0.654887665940498,0.245666768356772,-0.627349613982231,11,19,1,1,1,250,4,5,7,4,5
4097,Milkuat,-0.393040460505987,-0.0452615682534585,-0.767246224030472,3,16,0,1,5,50,6,6,6,5,4
4099,Ultra,0.146564012114488,0.662205982292916,-0.371066119347423,5,20,1,1,6,250,6,6,6,5,4
4100,Milkuat,0.879708461261012,2.24838587186608,0.619575635678833,5,16,1,1,3,250,6,6,6,5,4
4101,FrisianFlag,-0.610506747375179,0.0500115434473745,-0.865286745401398,2,22,1,1,4,115,4,4,6,1,7
4106,FrisianFlag,1.38746100219541,-0.954243250031556,-0.284711429924687,3,8,1,0,4,1000,4,5,6,6,4
4107,FrisianFlag,1.03350928052642,0.451434632447816,1.04668154440146,5,9,0,0,4,1000,3,5,5,5,3
4108,FrisianFlag,0.0822165130301814,1.73210981277873,0.833216730678905,12,6,1,1,4,1000,4,6,6,5,2
4109,FrisianFlag,0.921483930392281,2.16399578612553,0.282792766207132,8,10,1,1,4,1000,4,6,6,6,2
4110,FrisianFlag,1.01927587622138,1.5668979620166,0.912870124759676,2,10,0,0,7,125,5,6,6,6,3
4114,BearBrand,2.08510763749136,-1.40239754923042,0.978590812998145,5,5,1,0,3,200,2,5,6,3,6
4117,Milo,0.383636899508232,-0.29417424364009,-0.228254757765786,3,21,1,0,5,250,6,6,6,4,3
4121,Indomilk,-0.246726664429628,-0.181419338684382,-0.0991027717878778,3,5,0,1,6,110,6,6,6,5,4
4122,Indomilk,0.4974389928462,-0.39026662324925,1.13503334100375,5,10,0,1,5,200,6,6,6,6,4
4123,BearBrand,1.1887667896333,-2.20557502519008,1.54499152312507,8,3,1,1,4,200,4,5,6,6,3
4125,Indomilk,1.07410814222416,0.0201233434013156,0.0939714810819038,2,12,1,1,6,115,6,4,6,6,4
4126,Ultra,0.867520722066583,-0.184683260333702,0.830268209848052,5,3,1,0,4,200,4,6,4,4,4
4127,FrisianFlag,0.430494050598575,-0.427612732553778,0.965114598946725,2,5,1,0,6,115,6,6,6,6,6
4129,FrisianFlag,0.217937046569112,0.905638420697713,0.951558199596944,5,3,0,0,5,200,3,6,6,6,4
4130,Milkuat,-1.34290334291752,0.232543639764156,2.4529587351532,5,5,1,0,2,200,3,6,6,2,4
4131,Indomilk,-1.26806320340261,0.742652066953768,0.78190457994987,3,3,0,0,2,190,6,6,6,2,5
4132,Ultra,-0.0877149775640186,-0.335309080510167,1.16827750082861,2,2,1,0,4,115,6,2,6,2,4
4141,FrisianFlag,1.2506818858464,0.76877143894501,1.05320464347523,2,5,0,0,7,125,5,6,6,6,3
4142,FrisianFlag,1.29834822776739,1.36489629033824,0.591000829495103,2,2,1,0,7,125,4,6,5,5,6
4143,FrisianFlag,0.879306425612774,2.24974869972711,0.619184368412531,12,5,0,0,4,1000,5,6,5,6,3
4144,FrisianFlag,0.383231702815692,2.31934883539514,0.905371056106951,12,5,0,0,3,1000,4,6,6,6,2
4145,FrisianFlag,1.03066649817469,2.22946024026115,0.289997305250181,5,15,0,0,5,1000,4,6,5,6,6
4151,FrisianFlag,-0.852732671639238,-0.0642057278557995,-1.46141128176003,2,5,0,0,5,200,6,6,7,2,6
5004,Ultra,-0.743305146311325,-0.00568989663912217,-1.42255352240799,2,4,0,1,3,125,6,5,6,4,5
5005,FrisianFlag,-1.48622657038088,2.53339971000379,-1.0888424466122,6,5,0,1,2,250,4,5,6,4,3
5006,Ultra,-0.178167331884074,0.507884926828313,-1.27374904236205,2,4,0,1,5,120,6,5,6,3,4
5009,Ultra,-0.951128733059907,0.396817719048041,-1.181857730923,2,3,0,0,5,120,6,5,6,3,4
5011,Milkuat,0.111852474168317,-0.0931344599022645,-1.03767644940283,2,14,1,1,5,70,2,7,6,6,7
5013,Milo,1.00119958949449,-0.444423790040478,0.729752230818342,5,5,0,1,4,115,6,6,6,6,5
5014,Ultra,0.283880148567914,0.843349094895554,-0.0181283625094525,5,9,1,1,2,125,5,4,6,6,4
5015,Indomilk,-0.0133900854439435,0.348131420812202,-0.374932344175329,3,4,0,1,4,190,3,5,6,6,5
5021,Ultra,1.58304839973445,-0.597729799681385,-0.265074057876511,2,4,0,1,5,125,3,6,6,4,5
5024,FrisianFlag,-1.14299940895731,0.125352306858992,-0.98120421650884,2,21,1,1,7,125,5,6,6,5,3
5025,Milo,-0.881469946019389,-0.487173422743803,-0.132910810096251,5,6,1,1,2,250,5,5,5,4,4
5026,FrisianFlag,-1.12913318081484,-0.0903319180838285,-0.354338151678589,2,22,0,0,3,190,6,6,6,3,4
5033,Anlene,0.668255593817195,0.381125409030538,-0.473038395355776,9,3,1,1,6,500,6,7,7,7,2
5035,FrisianFlag,-0.575212858293369,-0.336603723861512,-0.0743293743093559,6,3,1,1,3,120,6,5,7,3,7
5037,Ultra,-0.493950133768805,-0.518357328185678,-1.21799540278795,10,5,0,1,1,250,5,5,7,4,4
5038,Ultra,-1.2282029564122,0.486879166684986,-0.257211891029253,12,5,0,0,2,200,5,5,6,3,4
5039,BearBrand,1.14073402372968,0.596513218812231,0.235017942845276,10,5,0,0,4,189,6,6,6,6,1
5042,FrisianFlag,0.208194678304653,0.433751851404303,-1.69005772972267,3,4,1,1,8,115,3,6,7,6,3
5043,BearBrand,0.614542311925523,-1.07128142879961,1.28533427038651,5,1,1,1,3,189,6,7,6,6,5
5044,FrisianFlag,-0.869456532831451,0.411176982072036,-0.235691000435011,2,7,1,1,2,115,6,7,7,5,4
5045,Indomilk,0.540479009534048,-0.14921838637481,-1.52821838894562,3,10,1,1,4,190,6,5,6,5,4
5055,Indomilk,0.366688061464653,-1.03192943236512,0.833654001631914,5,10,1,1,3,190,2,4,6,6,4
5056,BearBrand,-0.731858895212161,-0.142160716588089,-0.697502590574103,4,2,1,1,3,140,3,7,6,6,5
5057,Milkuat,-1.00343839744188,-0.22382646426881,-0.87853916222993,3,3,1,1,7,60,5,5,6,7,5
6002,Indomilk,1.52085158670933,0.2961201038601,0.024275362214287,2,4,1,0,4,195,6,6,4,1,4
6005,FrisianFlag,1.31799771775828,0.576306568893317,1.00634081603054,2,22,1,0,4,70,6,6,4,2,4
6006,BearBrand,1.66317940033013,-0.263776386259101,1.01689342472189,10,9,0,0,4,189,5,6,4,2,3
6009,BearBrand,1.46314695221661,0.685692159917313,0.812909485628332,9,3,0,0,4,140,4,6,5,2,4
6010,Ultra,1.03269547704921,0.32118904224532,0.224855721833077,5,9,0,0,5,200,6,5,5,1,4
6011,Ultra,0.737400229254534,0.685876047470649,0.462182076777163,3,4,0,0,5,200,6,5,5,5,6
6012,Ultra,0.957632893209452,0.488027685715033,0.372509893496846,3,9,0,0,6,200,6,5,5,5,4
6013,BearBrand,0.677342174868654,0.693743616907161,0.562187278055224,7,9,1,0,4,189,6,5,5,2,3
6014,Ultra,0.551533280960152,0.842983868174298,0.433240471078018,6,9,0,0,5,200,6,5,5,2,8
6015,Ultra,0.652387037496217,1.12665550927058,0.361229046083485,4,8,0,0,4,125,6,5,5,2,7
6016,BearBrand,0.600251693717767,0.826129904354376,0.681216689443593,8,9,1,0,4,189,6,5,5,2,4
6017,Ultra,0.681880913837715,1.20940173933351,0.608211137039965,4,12,1,0,5,125,6,7,5,2,6
6018,Ultra,0.279556658304285,1.574664711404,0.630904314191014,10,14,1,0,4,200,6,6,5,1,3
6020,FrisianFlag,0.255368228780569,1.46645640941227,-0.0559857813371357,3,8,1,0,5,200,6,6,5,2,3
6021,Anlene,0.124533936343419,0.751386391471453,0.677555543691414,11,22,0,0,1,110,6,6,7,3,2
6023,FrisianFlag,0.6399648055169,1.0025036118653,0.971023979963222,9,8,0,0,5,115,6,6,6,2,4
6024,Ultra,1.02130440463417,0.499876827637738,0.832266451847013,5,4,0,0,5,250,6,6,6,6,2
6025,BearBrand,1.00810587414943,0.319624235117821,1.42774089564325,6,16,0,0,4,189,6,6,6,5,3
6027,Ultra,0.993612413970761,0.664484919251053,0.69892813008236,3,12,0,0,6,200,6,6,4,2,5
6028,BearBrand,1.59624024416931,-0.457738163531795,0.423689185350065,11,3,1,0,1,189,7,7,3,1,2
6029,BearBrand,1.52420025254205,0.745087092932586,0.294488482670175,8,5,1,0,2,189,7,6,2,2,1
6032,BearBrand,1.29865693834501,0.000583583392385072,0.765662475222794,9,13,1,0,2,189,7,6,2,1,3
6033,BearBrand,1.71346761459599,-0.766617062830636,0.558143446263127,7,5,1,0,2,189,7,7,4,1,5
6034,BearBrand,1.58608904891493,0.757575668268677,0.0969055933997072,8,8,1,0,1,189,7,6,4,2,2
6036,Ultra,1.29343613071154,0.717135501107657,0.860905971896396,7,5,1,0,2,250,5,6,3,1,1
6037,Milkuat,1.54055391302878,-0.0469577410237217,-0.0038755451562793,2,3,1,0,4,70,7,7,4,2,5
6039,Ultra,1.64453278837609,0.55469450159094,0.443452488419951,2,5,1,0,2,250,7,7,3,1,4
6040,BearBrand,0.989768355572012,0.496517740675482,0.556650602636389,10,5,1,0,1,189,7,6,4,1,5
6041,FrisianFlag,0.66121454244211,-0.501617459097071,0.19266188550342,5,13,1,0,5,200,6,5,5,2,3
6042,BearBrand,0.377009330584024,-0.666803154513386,0.690228856266801,6,9,1,0,5,189,6,5,5,2,2
6044,Ultra,0.00882099468968101,-0.411187731538168,0.465696501383781,2,4,1,0,5,125,6,6,5,1,4
6045,Ultra,-0.0176324318657296,-0.344719544873694,0.633041614174294,7,12,1,0,4,200,6,6,5,2,6
6046,Ultra,1.86655345726169,-0.715807882823347,-0.392524287972107,2,4,1,0,5,125,6,6,5,3,8
6047,FrisianFlag,1.06684549687199,0.892919982605052,1.26287373352305,7,3,1,0,6,250,5,7,4,5,6
6049,Ultra,0.633421796901808,0.222213619221447,1.39387665962534,9,3,1,0,4,200,5,6,4,5,5
6050,BearBrand,1.23018825748183,0.532849883313289,1.1042558204908,9,3,1,0,4,189,5,7,4,4,5
6051,Ultra,-0.184391965163266,0.969151501042017,-0.205605674609752,2,7,0,0,8,200,6,7,6,5,3
6052,BearBrand,-0.230059928173591,-0.738955656537204,0.152928958748879,9,22,0,0,4,189,7,7,6,4,1
6054,BearBrand,1.48940378820642,0.469965506323962,0.433271890711952,9,3,1,0,3,189,4,5,6,4,4
6055,FrisianFlag,1.16474351356782,0.609198170035562,0.0834933723198523,2,2,1,0,5,180,5,5,6,5,4
6056,Ultra,1.3819362989904,0.38821377956273,-0.0831799100445634,2,2,1,0,5,200,6,4,6,4,4
6057,Milo,0.534318035485512,0.96038915025493,0.299911654922035,2,14,0,0,4,115,5,6,4,2,7
6059,BearBrand,1.35417393267576,0.355559882787593,0.614953912243584,12,10,1,0,4,189,6,6,4,2,4
6060,Ultra,1.45042403845802,0.434100248671387,0.539131819958446,6,13,1,0,5,200,5,6,4,2,5
6061,Ultra,0.613782493694593,0.110325585412449,1.19457890793192,4,3,1,0,7,200,5,7,4,3,5
6063,Ultra,0.864279013246082,1.21691267973619,0.9810307777811,4,4,0,0,5,200,5,6,4,4,5
6064,Ultra,1.38398203953925,0.642709714612379,1.04596239251102,4,12,1,0,6,125,6,7,5,4,6
6065,Anlene,1.87812815328478,-0.903706184028371,0.634991082601096,12,21,1,0,5,110,5,6,7,3,6
6067,BearBrand,1.9417612425965,-0.756508818758813,0.595598717136571,6,4,1,0,5,189,5,6,4,2,4
6069,BearBrand,1.52010234398115,-0.682725120081562,0.771479678090084,10,10,1,0,5,189,6,6,5,2,5
6071,Ultra,1.08758149321789,0.918812222199079,1.23314069597708,2,4,0,0,5,125,6,6,6,5,7
6072,Ultra,1.29449022583147,0.236733991666781,1.38913348630659,5,1,0,0,5,200,6,5,5,6,7
6073,Ultra,1.17462214820142,1.08114823325252,1.07850904369614,7,12,0,0,5,200,6,6,5,5,4
6074,Ultra,1.37593783439907,0.506612649150468,1.18255683204708,2,3,0,0,7,125,6,5,5,5,4
6075,Ultra,1.14642520757277,1.18127221045051,1.04197059346391,3,12,0,0,5,200,6,5,6,6,4
6082,FrisianFlag,1.40734473033561,0.302521350373296,-0.0828348359446312,7,22,1,0,3,70,7,5,4,2,3
6083,Milkuat,1.76021182371467,-0.0401961462571362,-0.156371178967777,5,2,1,0,4,70,6,7,4,3,8
6086,Ultra,0.420550739047774,0.294038626414864,0.170889403381317,2,4,1,0,4,200,6,7,2,3,5
6089,Ultra,1.33198646324047,1.35733423347852,-0.307666447525588,2,4,1,0,2,200,7,6,3,2,8
6090,Milo,1.05604888965901,0.508528309205472,0.791444990262946,6,2,0,0,6,200,6,6,6,6,6
6091,Ultra,0.861143772455717,0.557036146699095,1.09961152575728,8,5,0,0,5,250,7,6,6,6,5
6092,Ultra,0.914601984427451,0.265617770645491,1.15277843178069,7,9,0,0,5,250,6,6,6,6,2
6094,Ultra,0.622656197018647,1.17998003675411,0.961966944167314,10,9,0,0,1,250,6,6,6,6,4
6095,Ultra,1.10247969663154,0.933453691680217,0.0737603709360203,2,4,0,0,1,200,6,6,6,6,3
6096,Ultra,1.30019130178737,0.291247811410455,0.793156436047061,8,2,1,0,5,250,6,6,6,6,3
6097,Ultra,0.781313458264263,0.495661284571435,1.19614118180167,9,16,0,0,5,250,7,6,6,6,2
6098,Milo,0.405242799344171,1.49523854616043,1.05534368812081,9,5,1,0,5,275,7,5,6,6,4
6099,FrisianFlag,0.92686927491176,0.817335162917282,1.1922948524481,2,12,1,0,1,115,6,6,6,5,4
6100,Anlene,0.81606205821853,1.33387676694095,1.06980393923671,9,12,1,0,1,110,7,6,7,6,3
6102,Milo,1.3626635976257,1.10790282633556,0.491982275235152,5,22,0,0,5,200,6,6,5,5,4
6103,Ultra,0.996762521641602,1.64900247220739,0.886585745221056,7,16,0,0,5,200,6,5,6,5,4
6104,Ultra,1.20460304175498,1.06983177805928,0.983082487486945,7,22,0,0,5,200,6,5,5,5,4
6106,Ultra,1.17566703328556,1.06725320932047,1.08609051381611,7,22,0,0,5,200,6,5,5,5,4
6108,Ultra,1.33102136971828,0.705413327801552,1.10065195320131,6,6,0,0,5,200,6,6,5,5,3
6109,Ultra,1.65232565703499,-0.374887475912009,0.984163911232436,6,4,0,0,4,200,5,7,6,5,3
6110,Ultra,1.7915222051427,0.0348574684348496,0.027750519900739,3,10,1,0,5,200,6,6,5,6,8
6112,Ultra,1.36032023007117,0.0465828172451437,0.546236926445916,8,8,0,0,5,200,5,6,5,5,5
6115,Ultra,1.28790962723157,0.249793336386914,0.481265243724616,3,9,1,0,4,125,5,6,6,6,4
6116,Ultra,0.87640434360718,-0.13216581039188,1.14819285219292,2,10,1,0,7,125,5,6,5,5,6
6117,Ultra,1.2697639278484,-0.724058308050291,1.43881150840865,3,22,0,0,5,200,5,6,6,6,6
6118,BearBrand,0.312083466672365,0.156806634618268,1.53379430738938,9,8,0,0,3,189,5,6,5,6,4
6119,Ultra,0.25829754754155,-0.58480496340237,1.78521142558087,6,22,1,0,5,250,5,6,6,6,6
6120,Ultra,0.549416936208448,-0.408302978129781,1.50949065792593,5,9,1,0,5,200,4,7,6,5,7
6121,Ultra,1.35202827999115,0.699269127693404,1.05898678138052,5,5,1,0,6,200,6,7,4,4,3
6125,Ultra,1.2842349433274,0.130264299578983,1.11910616693518,10,2,1,0,7,200,6,7,4,2,5
6126,FrisianFlag,1.36260822680464,0.480135371635032,1.00189366247283,3,5,1,0,6,115,6,6,4,2,4
6129,Ultra,1.34937435779775,0.286949848728334,0.728203457617975,2,14,1,0,5,200,6,7,4,2,8
6130,Milkuat,1.29690222194256,0.0356120931165871,0.810296166042064,2,3,1,0,6,70,6,6,6,4,4
6131,Ultra,1.29774372773983,0.641463354117513,0.768638906661005,3,5,1,0,5,125,6,6,4,2,6
6135,Milkuat,1.13972588647303,-0.302569009268642,1.59187348297025,5,22,1,0,7,70,5,6,5,6,2
6137,Milkuat,1.49236532499732,-0.751925730632918,1.37674727421286,2,22,1,0,7,70,6,6,5,6,5
6138,Ultra,1.51070460674979,-1.40715870812517,1.29668911172151,6,10,1,0,4,250,5,6,6,7,2
6139,Ultra,0.852886746258808,-0.409072795371275,1.73229425610019,6,9,1,0,4,250,6,7,5,6,1
6140,FrisianFlag,1.25857391614723,-0.534176068969116,1.56431658433357,2,22,1,0,4,190,6,7,6,6,4
6141,Ultra,1.06019236478033,0.935755492325896,1.24283436537471,2,2,1,0,5,125,6,7,5,5,4
6142,Ultra,1.09868750803992,0.762397646778495,1.31489403484165,5,5,1,0,5,200,6,6,6,5,4
6143,Ultra,1.38536559370969,0.496655093701939,1.17269809903723,6,5,1,0,5,200,6,7,5,5,7
6144,Ultra,1.25192333621495,0.236920598849938,1.39908299405131,2,3,1,0,5,125,6,7,6,5,3
6146,Ultra,1.58728247562306,-0.446506038391641,0.122951040003379,5,5,0,0,6,200,5,7,5,5,5
7001,BearBrand,1.37393656565466,-0.268842219546088,-0.685573795394514,5,2,0,0,3,189,2,5,7,7,3
7002,Milkuat,-1.23928129655789,0.0148117793753741,-0.111238329769605,3,10,0,0,5,250,7,4,7,1,4
7003,BearBrand,0.179781500613299,-0.849421736530135,0.24030880500732,7,8,0,0,5,189,1,5,6,4,1
7004,FrisianFlag,-0.101097663057803,-0.331377282400877,0.0279835604583287,4,12,0,0,5,150,6,6,6,1,6
7005,Milkuat,-0.48295475703516,-0.110629276187526,-0.727352942772227,3,4,0,0,5,150,6,6,6,2,5
7006,Indomilk,0.0259523240163023,0.37940704212812,-0.829301839339742,6,9,0,1,3,250,5,5,5,7,4
7007,BearBrand,0.823707694728353,0.656126724221146,-1.27683006854186,10,10,0,1,4,189,6,4,6,6,8
7008,Indomilk,-0.0352278632684571,-0.581092967589379,0.123361970047406,2,3,0,0,3,190,6,5,6,1,7
7009,FrisianFlag,-1.43690145912691,1.04156026589378,0.743901492544032,6,3,0,0,4,250,6,7,6,7,5
7010,Milkuat,-0.699997150715121,0.0751875616631972,-0.63259316472037,2,22,0,0,6,100,6,5,6,1,8
7011,Milkuat,-1.036685296102,-0.317928299810409,-0.986945109388368,4,9,0,0,4,100,6,5,6,2,4
7012,FrisianFlag,-0.857462872084185,0.136694502387606,-0.413428832839587,2,12,0,0,4,115,5,6,6,3,4
7013,Milkuat,-0.768694704172175,-0.300817440481855,-1.00385245454332,4,2,0,0,5,180,6,4,6,2,5
7014,Indomilk,-0.290319147185179,-0.13208541774129,-0.353917076898345,4,2,1,0,5,190,5,6,6,3,6
7015,FrisianFlag,-0.39018092492909,0.254843983801685,-0.318006567364856,2,12,1,1,3,115,5,6,6,2,4
7017,Milkuat,-1.01457183234272,-0.356282216650503,-0.148319857752546,3,2,1,0,5,180,7,4,6,3,5
7018,Milkuat,-1.59505022861847,0.246169128109585,1.26039967543713,4,12,1,0,3,85,4,6,6,4,6
7019,Milo,-1.88466992472812,0.774590555880683,1.19223044505367,7,22,0,1,5,240,2,6,6,4,5
7020,Indomilk,-0.404398868853729,-0.216327917711925,0.102937994633442,2,2,1,0,6,180,7,5,6,5,4
7021,Indomilk,-0.0735808802891263,-0.634907626490343,0.555418717850896,6,3,1,0,3,190,6,5,6,6,2
7022,Indomilk,-1.82278440945867,1.22468994038309,-0.202841947851532,4,16,1,0,3,190,4,5,6,2,5
7023,Indomilk,-0.319902553624495,-0.031189138253066,0.250306183875131,5,3,0,0,4,250,5,5,6,6,6
7024,Indomilk,-0.649372766738293,1.26384359181649,0.733934997984582,2,4,0,1,5,190,7,4,6,4,3
7025,Milkuat,-1.47042067894245,-0.667027659681119,0.556276307112716,4,2,0,0,5,115,6,5,6,3,5
7026,Indomilk,-0.103208962064823,0.015035525662817,1.17576931935812,2,5,0,0,5,190,4,6,6,1,5
7027,Milkuat,-1.04151228271695,-0.51130521543547,-0.704079842674207,3,3,0,0,5,100,4,6,7,2,3
7028,FrisianFlag,-0.0976054617757047,1.75746735302359,0.901764453401624,7,3,1,0,4,250,6,6,6,2,4
7029,Ultra,-1.36076884134261,-0.1265363365946,1.93573394869821,7,3,0,0,5,115,6,6,6,1,5
7030,Milkuat,-0.692041198836398,-0.625310540738125,-0.572026289960189,3,3,0,0,4,150,4,4,6,2,3
7031,Indomilk,-0.753296367055953,0.475968759869556,-0.144738849288237,2,4,0,0,6,190,6,6,6,1,4
7032,FrisianFlag,0.332961907819419,0.343386788923873,0.688159356990949,5,3,0,0,5,100,5,6,6,2,8
7033,Indomilk,-0.660249838106847,1.51937815376925,0.0421109500006415,10,10,0,0,6,190,6,6,7,2,3
7034,FrisianFlag,-0.531451065121704,-1.03108601868331,0.113344231638746,3,5,0,0,5,200,7,5,7,4,4
7035,Indomilk,-0.994253938792632,-0.325275627889363,0.337896181679561,4,3,0,0,4,250,5,5,6,6,4
7036,Milkuat,-1.01603046373207,-0.168165433543298,-0.692846149755094,2,5,0,0,5,150,5,3,6,6,5
7037,Indomilk,-0.103311808393442,0.0153841560458713,1.17566922773186,2,5,0,0,5,190,4,6,6,1,3
7038,Indomilk,-1.34771257585927,0.236369489725958,0.821852131946672,2,10,0,0,6,190,6,5,6,1,7
7039,Milo,-0.378053614085402,-0.339271235631214,-0.989499056032127,3,9,0,0,5,115,6,5,6,1,4
7040,Indomilk,-0.825949438386146,-0.212273496387685,0.211253650277696,2,22,0,0,6,90,6,5,6,1,8
7043,Indomilk,-0.500822901177804,-0.320772448061643,2.03798101812493,6,19,0,0,5,190,6,6,6,2,2
7044,Indomilk,-0.932859015102942,-0.617330243459998,0.426089948159474,5,2,0,0,5,115,2,4,7,7,6
7045,Indomilk,-1.63749689158042,0.442061945200794,1.2651329031158,7,3,1,0,3,190,6,5,6,6,5
7046,Indomilk,-0.247598655126325,-0.199164371528145,0.74428237483099,3,5,0,0,5,190,6,6,6,1,4
7047,Indomilk,0.284543073700973,-0.476974219798003,0.661636708230211,2,3,0,0,3,190,6,5,6,1,3
7048,Milkuat,-0.97889905970619,-0.149360309878504,-1.24565770389368,2,4,0,0,5,100,6,5,6,1,6
7049,FrisianFlag,0.379306778618324,-0.201770951974701,0.890045379998263,7,20,0,0,5,250,6,5,6,1,5
7050,Indomilk,-1.82140771115221,1.22159526765972,0.691600603062745,2,4,0,1,5,190,7,4,6,4,3
7051,Milkuat,-0.620726339839324,-0.815345799793362,-1.35143988182862,4,3,0,0,4,80,4,6,6,1,8
7052,Milkuat,-0.71534067960145,-0.774128447314026,-0.423608997027196,5,9,0,0,5,100,5,4,7,6,6
7053,Milkuat,-0.714900513853745,-0.802748231886827,-0.394629866792347,6,12,0,0,5,140,5,4,7,6,3
7054,BearBrand,1.124622546011,-1.06428315074749,-1.71932711390079,5,15,0,0,7,189,2,4,4,6,6
7055,FrisianFlag,0.243206154638439,-0.662775734543457,1.33822970779869,5,20,0,0,5,250,6,6,6,3,2
7056,Indomilk,-1.04658560464981,0.774637669675348,1.53749078442522,6,3,1,0,4,190,6,6,7,4,5
7057,BearBrand,1.62139046207698,-0.836350075513953,0.410330732362542,6,9,0,0,4,189,6,5,6,6,3
7058,Ultra,-0.717059289737065,-1.19589408014564,1.48336202492061,6,9,0,0,3,80,6,5,6,6,1
7059,Indomilk,-1.31862308345011,0.471907504141463,0.951745314521656,5,22,0,0,4,190,6,5,6,4,4
7060,BearBrand,0.816294149682086,-1.1272214695816,0.205042573232972,6,5,0,0,5,189,6,4,6,4,4
7062,FrisianFlag,-0.607990103485658,1.80700084215272,1.45504175196085,8,3,0,0,2,250,6,6,6,5,2
7063,Milkuat,-0.714994010516125,-0.802431295174959,-0.394720859179859,5,9,0,0,5,140,5,4,7,6,2
7064,Milkuat,-1.12772254801181,-0.159189202897214,-0.381695977970107,5,19,1,0,5,150,6,6,7,6,3
7065,FrisianFlag,0.242359235067931,-1.11160506180273,-0.207388917867125,3,5,0,0,5,200,7,5,4,4,4
7066,Milo,-1.64347923722775,0.615040071852935,-0.0832132107274814,6,1,0,1,7,1000,6,4,4,6,4
7067,Milkuat,-0.622183202180386,-0.81183136175989,-1.34415786073316,4,5,0,0,5,80,4,6,6,2,3
7068,FrisianFlag,0.491391110951397,-0.695690671642879,1.20765135935052,5,20,0,0,5,250,6,6,6,3,5
7069,Indomilk,-0.198458348605884,0.283201867648229,-1.65593129144421,2,3,1,0,8,115,6,5,7,2,7
7071,Indomilk,-1.12413716355104,0.192904301669604,0.054667589244899,4,3,0,0,6,190,6,5,6,2,5
7072,FrisianFlag,-0.902721947447354,0.0329279508940005,0.18030758739887,6,14,0,0,6,250,4,4,7,4,5
7073,Indomilk,-1.26558067261055,0.0352261585648079,1.59929996306181,6,13,0,0,5,190,5,7,7,3,5
7074,Indomilk,-1.10187227343441,0.782937982645248,1.56912653000916,6,3,1,0,4,190,6,6,6,4,1
7075,Indomilk,-0.981495334946488,1.6969068420893,1.22635592424544,8,21,0,0,4,190,6,6,7,2,2
7076,FrisianFlag,-0.277108158797599,0.141161825001498,0.0322234389764285,2,2,0,0,3,115,3,4,6,5,4
7077,Milkuat,-1.27674021586236,0.0104357188033566,1.82929041935264,2,6,1,0,4,150,4,6,6,3,6
7078,FrisianFlag,0.457614390174817,-0.488249183329784,-0.0607880669010449,5,5,0,1,1,250,5,4,6,4,3
7079,Indomilk,-1.11822624975121,1.35089298995141,-0.0886603806517892,3,6,0,0,4,115,4,6,5,6,5
7080,Milo,-0.502404122280272,0.817858598460488,-0.787725730247616,8,3,0,0,3,300,4,4,6,6,2
7081,Indomilk,0.308099000485116,0.752682913113321,-0.508351873539923,2,3,0,0,4,118,5,6,6,4,4
7082,BearBrand,-0.124146513594657,-0.416054165566306,1.22383592690995,6,9,0,0,3,189,4,6,6,7,2
7083,Indomilk,0.816113435886017,-0.490799970986112,-0.121041554106852,5,4,1,0,3,250,4,4,5,6,6
7086,Milo,-1.27687934566244,0.419586233233482,1.15001211516024,7,22,0,1,5,250,2,6,6,4,2
7087,Indomilk,-1.15898019970279,0.988570821848741,-0.505229737687613,5,4,0,0,6,190,7,7,6,3,2
7088,Milkuat,-1.13412971247911,-0.330764679533492,-0.589445274400329,4,9,0,0,4,100,6,5,6,2,5
7089,Indomilk,-1.07387260194083,0.276262545718126,-0.140102519091806,4,3,0,0,6,190,6,5,6,2,4
7090,FrisianFlag,-0.655887478507518,-0.121840538960048,0.0618217490414079,7,14,0,0,6,250,4,4,7,4,2
7091,Indomilk,-0.255204011297097,0.341675383996341,-1.6305431376386,2,3,1,0,4,115,6,5,7,2,6
7092,Indomilk,-1.12409715841819,-0.278447028891194,1.05263247568354,2,3,1,1,5,190,6,3,6,6,4
7093,Indomilk,-1.58735855278102,0.804238536608875,0.355895430592043,2,3,0,1,4,115,5,4,6,4,6
7095,Indomilk,0.0852628588502262,-0.160473128135419,-1.26273529979356,2,3,1,0,7,115,6,5,7,2,4
7096,Indomilk,-0.54193563061237,0.645904662163793,1.40786912976039,8,21,0,0,4,190,6,6,7,2,1
7097,Indomilk,-0.186214335161763,0.0272184611673705,0.231495217605945,5,22,0,0,5,190,6,5,6,4,3
7098,Indomilk,-0.0793395891795538,0.997792987341497,0.103424256973019,6,3,1,0,4,190,6,6,6,4,1
7099,Ultra,-0.824248204429587,-1.05910857811238,1.34603489877422,6,9,0,0,4,80,6,5,6,6,4
7100,Milkuat,-0.778763921660405,-0.539331937540525,-1.29713404492789,4,9,1,0,4,100,6,5,6,2,4
8001,FrisianFlag,1.13910474428558,1.40048391164255,0.00670609933152425,3,17,0,0,7,200,7,7,6,5,5
8002,Milo,0.691128654463793,1.72178178143025,0.184968056471248,4,6,1,0,5,200,6,7,6,7,4
8003,Indomilk,1.43111716278635,0.942429707621128,-0.260893982462295,9,1,1,0,7,200,7,7,6,6,4
8005,Indomilk,1.09498908454374,2.39200414436472,-1.29800808938716,10,4,1,0,7,200,6,6,6,5,6
8006,FrisianFlag,-0.382844089278778,2.04253587459502,0.449541502034307,7,12,1,0,7,350,6,7,6,7,4
8007,Indomilk,0.566196240426649,2.37331645694951,-1.13967220230169,2,4,1,0,7,200,6,6,6,7,3
8008,Indomilk,0.374202768804476,1.44831073779572,0.178225627158365,6,7,1,0,7,200,6,7,6,7,3
8009,Indomilk,0.300016202242268,1.50003559501636,0.300006727672706,3,6,1,0,7,200,6,7,6,6,7
8010,FrisianFlag,1.33154229698861,2.17017087762114,-1.18862220001718,2,8,1,0,7,200,7,6,6,7,4
8011,Ultra,1.2963273929199,0.788596609038974,1.07588789452544,3,2,1,0,1,1000,6,6,6,6,3
8012,BearBrand,0.843132566937676,2.37237151354864,0.583979413684091,7,16,1,0,3,250,6,6,6,6,3
8013,BearBrand,0.843123217271438,2.37240320721982,0.58397031444534,7,12,1,0,2,125,6,7,6,6,2
8014,Ultra,0.8431138676052,2.37243490089101,0.583961215206589,2,2,1,0,1,1000,6,6,6,6,3
8015,BearBrand,0.843104517938962,2.3724665945622,0.583952115967838,8,9,1,0,1,125,6,7,6,6,3
8018,BearBrand,-0.414499683591207,-0.0814534292437411,-0.722453219225259,8,20,0,0,1,189,7,6,6,4,4
8019,Ultra,0.238994176050101,0.00332290800493488,-1.11543170563679,2,20,0,0,5,250,5,7,6,5,4
8020,BearBrand,-0.188951907678149,-0.0682208210415351,-0.961835802187385,6,15,0,0,4,189,6,6,6,4,3
8021,FrisianFlag,-0.623259177683989,-0.799639635214636,-1.39740418799468,8,13,1,0,2,1000,4,6,6,6,3
8022,BearBrand,0.843039070275296,2.37268845026051,0.583888421296579,7,5,1,0,3,250,6,6,6,6,3
8023,FrisianFlag,0.843029720609057,2.37272014393169,0.583879322057828,4,3,1,0,1,250,6,6,6,5,5
8024,BearBrand,0.84302037094282,2.37275183760288,0.583870222819077,8,9,1,0,4,250,6,6,6,6,3
8025,FrisianFlag,0.843011021276581,2.37278353127407,0.583861123580325,4,12,1,0,1,250,6,6,6,5,4
8026,BearBrand,-0.217325452940799,0.0025552075097234,-0.932296446034173,9,8,0,0,3,189,5,6,6,5,3
8027,BearBrand,-0.194191067840379,-0.124970065784387,-0.91086688734375,9,20,0,0,1,189,4,6,6,4,4
8028,Indomilk,0.0131388128284176,-0.0600124100256454,-0.918689210508924,9,16,0,0,1,500,5,6,6,4,3
8029,Anlene,-0.311392956704558,-0.0991810187616103,-0.864301002089937,7,2,0,0,1,250,5,6,6,4,2
8030,FrisianFlag,-0.196137867386867,-0.276795857285883,-0.456295157600068,2,16,0,0,3,125,5,6,6,4,3
8031,FrisianFlag,0.269789290266249,-0.352677708978804,0.662397991637169,3,4,1,0,7,250,6,5,6,6,4
8032,BearBrand,-0.099132664285033,0.144879797977646,-0.50632162315497,3,4,1,0,7,250,6,6,6,6,5
8033,BearBrand,-0.819979885166957,0.597489213082092,-1.43352316866996,9,3,1,0,5,250,6,6,6,6,4
8034,BearBrand,-0.730115453694703,-0.488814084992211,-1.05903515040146,11,3,1,0,7,250,6,6,6,6,5
8036,FrisianFlag,-0.0817420366334756,-0.109325508650805,-0.639356067889434,3,2,0,0,5,250,5,7,6,5,4
8037,Milkuat,0.0865271866920273,-0.34984473533845,-0.292947572611008,2,16,0,0,7,115,5,6,6,5,3
8038,Ultra,-0.165046754647019,-0.0629636662296087,-0.566381255321927,2,16,0,0,4,250,5,6,6,5,7
8039,FrisianFlag,-0.403312440619582,-0.230278278965375,-0.173602036053586,4,9,0,0,6,250,6,6,6,4,4
8040,FrisianFlag,-0.173975296138313,0.232902190821106,-1.05629749529548,3,16,0,0,4,250,4,7,6,4,3
8042,Milkuat,0.0962814907725756,-0.120207864595737,-0.716629984700512,3,12,0,0,5,115,4,5,6,6,4
8043,BearBrand,0.174212685875376,0.119761654536889,-1.03207155743587,5,5,0,0,5,189,4,6,6,5,7
8044,Milkuat,0.0663353940993172,0.0333422036927461,-0.825978638916305,8,15,0,0,3,115,5,6,6,4,5
8045,Milkuat,0.0343527632531907,-0.798367152190153,-0.777007851424822,8,2,0,0,6,115,4,6,6,5,6
8047,Indomilk,0.212558505701362,-0.108811385219255,-0.355788486105972,4,9,0,0,5,250,5,6,6,4,3
8048,Ultra,-0.232227062335744,-0.063827719004878,-1.01303644644029,5,16,0,0,3,500,5,6,5,4,5
8049,Ultra,-0.136741674436336,-0.0847193649559477,-0.59047365650349,2,4,0,0,5,250,5,7,6,5,4
8050,Ultra,-0.392161794772346,-0.027697340259223,-0.96192691503975,4,20,0,0,6,250,5,6,6,4,3
8051,Indomilk,1.78590666859754,0.661082216002505,-0.415347345605674,3,3,1,0,7,200,7,6,7,6,4
8052,Indomilk,0.838232665448112,0.968522946964929,0.551282300176089,12,5,1,0,7,350,7,6,6,6,3
8053,Milkuat,1.51287819707802,1.0971994570412,-0.360296143390415,12,12,1,0,7,200,7,5,6,7,4
8054,FrisianFlag,1.84029859621617,0.0608738755220824,-0.116161833752356,3,6,1,0,7,200,7,7,6,6,3
8055,Milkuat,1.7660629386554,0.39980095870345,-0.0222581901657628,10,6,1,0,7,200,6,7,6,5,3
8056,Ultra,0.842721181623201,2.37376603508085,0.583579047179038,10,15,1,0,1,1000,6,6,6,5,3
8057,Ultra,0.307063904412447,0.559620601630786,1.49576037322084,6,16,0,0,5,250,6,6,6,6,2
8058,Ultra,0.148091019363351,2.56221766416221,0.959597543614439,10,10,1,0,1,1000,6,6,6,6,3
8059,Ultra,0.842693132624487,2.37386111609441,0.583551749462784,4,2,1,0,1,1000,6,6,6,6,2
8060,Ultra,0.842683782958249,2.3738928097656,0.583542650224033,4,5,1,0,1,1000,6,6,6,6,3
8061,Ultra,0.799064018991609,0.604397764030574,0.989126927940626,2,10,1,0,7,200,6,7,7,6,3
8062,Indomilk,0.71681484916333,1.46444690047217,-0.111365839765584,11,6,1,0,7,200,7,7,6,6,2
8063,Milo,0.273930128997886,1.14134138488032,0.951150100189147,8,8,0,0,7,200,6,7,7,5,2
8064,Ultra,1.11946640639929,1.47738851713203,-0.289122988266499,2,7,1,0,7,200,7,7,6,7,3
8065,Ultra,1.02690172335812,0.57592960328649,0.12228203766617,3,7,1,0,7,200,6,7,6,6,4
8067,Ultra,0.842618335294582,2.37411466546391,0.583478955552775,3,6,1,0,5,250,6,6,6,4,3
8068,Ultra,0.842608985628344,2.3741463591351,0.583469856314023,8,22,1,0,1,1000,7,6,6,4,3
8069,Ultra,0.842599635962106,2.37417805280628,0.583460757075272,4,12,0,0,1,1000,6,6,6,6,4
8070,FrisianFlag,-0.623717311329655,-0.798086645326485,-1.39785005069349,2,12,0,0,2,1000,6,6,6,6,3
8071,Ultra,0.84258093662963,2.37424144014866,0.58344255859777,4,2,0,0,1,250,6,6,6,4,4
8072,BearBrand,0.842571586963392,2.37427313381984,0.583433459359019,8,4,1,0,4,250,6,7,6,6,3
8073,BearBrand,0.842562237297154,2.37430482749103,0.583424360120267,7,10,1,0,1,250,6,6,6,6,2
8074,BearBrand,0.234761638278043,2.74142167617034,-0.105339459475727,10,20,1,0,1,250,5,6,6,5,4
8075,FrisianFlag,0.842543537964678,2.3743682148334,0.583406161642765,3,2,1,0,1,1000,6,6,6,6,4
8076,FrisianFlag,0.699269574086861,-0.275456632549601,-0.726566239398653,4,2,0,0,7,250,6,6,6,6,5
8077,FrisianFlag,1.09923237193866,0.319924977020985,-0.723645555299725,2,11,0,0,7,250,6,6,6,6,3
8078,FrisianFlag,0.392798851680318,0.862421294088291,-1.36400937458973,4,21,0,0,7,250,6,6,6,5,5
8079,Ultra,-0.591703236055465,-0.238295269095105,-1.5739812474384,2,21,0,0,7,250,6,7,6,6,4
8081,FrisianFlag,0.388503822796048,0.0418946062448012,-0.0320053545980335,2,17,0,0,7,250,6,6,6,6,7
8082,BearBrand,0.399861945515701,0.669509235044793,0.0966958828554268,6,12,0,0,5,250,6,6,6,6,5
8084,FrisianFlag,0.0731534355534983,0.525266717988952,0.43712660027567,2,12,1,0,8,250,6,6,6,6,3
8085,FrisianFlag,-0.0431513558915078,1.06480944796412,-0.616996339008607,3,5,0,0,4,250,6,7,6,6,4
8086,BearBrand,1.26829387880694,-0.880194047347467,-0.781841462766649,6,12,1,0,5,250,3,6,6,6,4
8087,FrisianFlag,-0.967985027215258,-0.518545539927209,-0.866610905571557,13,5,0,0,7,250,6,6,6,6,4
8088,BearBrand,0.226466677532297,0.443697421362791,-1.92761436344582,8,9,0,0,7,250,3,6,6,6,3
8089,FrisianFlag,-1.01020917728598,0.861401593488315,-0.926655806599296,11,16,0,0,7,250,7,6,6,5,4
8090,BearBrand,-1.00032315501578,1.12493028495888,-1.84363194895637,6,20,0,0,7,250,6,6,6,7,4
8091,Indomilk,0.1217508678114,0.0711850686217482,-0.959556571545413,9,12,0,0,1,500,5,6,6,4,2
8092,Ultra,-0.194448471489638,-0.143873078336789,-1.07726244522654,5,16,0,0,3,500,5,6,5,4,4
8093,Ultra,-0.266708774189623,-0.0435402320075174,-0.995596432203578,3,13,0,0,3,500,5,6,5,4,5
8095,Ultra,0.842356544639916,2.37500208825714,0.583224176867741,2,2,1,0,1,75,6,6,6,6,4
8096,Milkuat,1.36174148853633,0.733445647811651,0.14569981917368,4,10,1,0,7,200,7,6,6,7,4
8097,Indomilk,0.707577355478295,0.945616901827867,0.105486716183795,5,5,1,0,7,200,7,7,6,6,3
8098,Milo,0.175425623437289,1.2417807443542,-0.0459593595380212,13,4,1,0,7,350,6,7,6,7,4
8099,Indomilk,0.922749357724813,-0.199587689398566,1.00438486444227,4,6,1,0,7,200,7,7,6,7,4
8100,Milo,1.74080547643563,-0.249496536039271,0.146398085519098,5,5,1,0,7,350,7,7,6,5,3
8101,Ultra,0.842300446642488,2.37519225028426,0.583169581435233,3,3,1,0,3,1000,2,6,6,6,5
8105,FrisianFlag,-0.228034235106991,-0.111773747595551,-0.0081736460472409,5,5,0,0,4,250,4,6,5,5,4
8125,FrisianFlag,0.211633379011137,0.838635877824182,-0.396267387266556,8,10,1,0,4,250,6,7,6,4,3
8126,FrisianFlag,-0.506698854810222,-0.402728255140348,-1.63535924257775,10,6,1,0,7,200,6,6,6,6,3
